ISO-10303-21;
HEADER;
/* Generated by software containing ST-Developer
 * from STEP Tools, Inc. (www.steptools.com) 
 */
/* OPTION: using custom schema-name function */

FILE_DESCRIPTION(
/* description */ (''),
/* implementation_level */ '2;1');

FILE_NAME(
/* name */ 'MOTOR',
/* time_stamp */ '2025-03-28T13:29:01+09:00',
/* author */ (''),
/* organization */ (''),
/* preprocessor_version */ 'ST-DEVELOPER v19.2',
/* originating_system */ 'Rhino 8.9',
/* authorisation */ '');

FILE_SCHEMA (('AP242_MANAGED_MODEL_BASED_3D_ENGINEERING_MIM_LF { 1 0 10303 442 3 1 4 }'));
ENDSEC;

DATA;
#10=SHAPE_REPRESENTATION_RELATIONSHIP('','',#2246,#18);
#11=SHAPE_REPRESENTATION_RELATIONSHIP('','',#2246,#115);
#12=(
BOUNDED_SURFACE()
B_SPLINE_SURFACE(2,2,((#3420,#3421,#3422),(#3423,#3424,#3425),(#3426,#3427,
#3428),(#3429,#3430,#3431),(#3432,#3433,#3434)),.UNSPECIFIED.,.F.,.F.,.F.)
B_SPLINE_SURFACE_WITH_KNOTS((3,2,3),(3,3),(0.,21.8338244148583,43.6676488297166),
(0.,0.15707963488266),.UNSPECIFIED.)
GEOMETRIC_REPRESENTATION_ITEM()
RATIONAL_B_SPLINE_SURFACE(((1.,0.707106781186347,1.),(0.707106781186548,
0.499999999999858,0.707106781186548),(1.,0.707106781186347,1.),(0.707106781186548,
0.499999999999858,0.707106781186548),(1.,0.707106781186347,1.)))
REPRESENTATION_ITEM('')
SURFACE()
);
#13=(
BOUNDED_SURFACE()
B_SPLINE_SURFACE(2,2,((#3441,#3442,#3443),(#3444,#3445,#3446),(#3447,#3448,
#3449),(#3450,#3451,#3452),(#3453,#3454,#3455)),.UNSPECIFIED.,.F.,.F.,.F.)
B_SPLINE_SURFACE_WITH_KNOTS((3,2,3),(3,3),(43.6676488297166,65.5014732445749,
87.3352976594332),(0.,0.15707963488266),.UNSPECIFIED.)
GEOMETRIC_REPRESENTATION_ITEM()
RATIONAL_B_SPLINE_SURFACE(((1.,0.707106781186347,1.),(0.707106781186548,
0.499999999999858,0.707106781186548),(1.,0.707106781186347,1.),(0.707106781186548,
0.499999999999858,0.707106781186548),(1.,0.707106781186347,1.)))
REPRESENTATION_ITEM('')
SURFACE()
);
#14=(
BOUNDED_SURFACE()
B_SPLINE_SURFACE(1,2,((#3641,#3642,#3643,#3644,#3645,#3646,#3647,#3648,
#3649,#3650,#3651),(#3652,#3653,#3654,#3655,#3656,#3657,#3658,#3659,#3660,
#3661,#3662)),.UNSPECIFIED.,.F.,.F.,.F.)
B_SPLINE_SURFACE_WITH_KNOTS((2,2),(3,2,2,2,2,3),(0.,11.2239246686817),(-41.1045462468663,
-39.7283573973694,-38.3521685478726,-18.3741906998078,-16.9980018510675,
-15.6218130023272),.UNSPECIFIED.)
GEOMETRIC_REPRESENTATION_ITEM()
RATIONAL_B_SPLINE_SURFACE(((1.,0.89661575866631,1.,0.89661575866631,1.,
0.708747303490157,1.,0.896615758777987,1.,0.896615758777987,1.),(1.,0.89661575866631,
1.,0.89661575866631,1.,0.708747303490157,1.,0.896615758777987,1.,0.896615758777987,
1.)))
REPRESENTATION_ITEM('')
SURFACE()
);
#15=(
BOUNDED_SURFACE()
B_SPLINE_SURFACE(1,2,((#3669,#3670,#3671,#3672,#3673,#3674,#3675,#3676,
#3677,#3678,#3679),(#3680,#3681,#3682,#3683,#3684,#3685,#3686,#3687,#3688,
#3689,#3690)),.UNSPECIFIED.,.F.,.F.,.F.)
B_SPLINE_SURFACE_WITH_KNOTS((2,2),(3,2,2,2,2,3),(0.,11.2239246686817),(-41.1045462468663,
-39.7283573973694,-38.3521685478726,-18.3741906998078,-16.9980018510675,
-15.6218130023272),.UNSPECIFIED.)
GEOMETRIC_REPRESENTATION_ITEM()
RATIONAL_B_SPLINE_SURFACE(((1.,0.89661575866631,1.,0.89661575866631,1.,
0.708747303490157,1.,0.896615758777987,1.,0.896615758777987,1.),(1.,0.89661575866631,
1.,0.89661575866631,1.,0.708747303490157,1.,0.896615758777987,1.,0.896615758777987,
1.)))
REPRESENTATION_ITEM('')
SURFACE()
);
#16=(
BOUNDED_SURFACE()
B_SPLINE_SURFACE(1,2,((#3696,#3697,#3698,#3699,#3700,#3701,#3702,#3703,
#3704,#3705,#3706),(#3707,#3708,#3709,#3710,#3711,#3712,#3713,#3714,#3715,
#3716,#3717)),.UNSPECIFIED.,.F.,.F.,.F.)
B_SPLINE_SURFACE_WITH_KNOTS((2,2),(3,2,2,2,2,3),(0.,11.2239246686817),(-41.1045462468663,
-39.7283573973694,-38.3521685478726,-18.3741906998078,-16.9980018510675,
-15.6218130023272),.UNSPECIFIED.)
GEOMETRIC_REPRESENTATION_ITEM()
RATIONAL_B_SPLINE_SURFACE(((1.,0.89661575866631,1.,0.89661575866631,1.,
0.708747303490157,1.,0.896615758777987,1.,0.896615758777987,1.),(1.,0.89661575866631,
1.,0.89661575866631,1.,0.708747303490157,1.,0.896615758777987,1.,0.896615758777987,
1.)))
REPRESENTATION_ITEM('')
SURFACE()
);
#17=GEOMETRIC_CURVE_SET('curve_set_0',(#3044,#3045,#3046));
#18=GEOMETRICALLY_BOUNDED_WIREFRAME_SHAPE_REPRESENTATION(
'wireframe_rep_0',(#17,#2500),#2245);
#19=COLOUR_RGB('',0.376470588235294,0.372549019607843,0.372549019607843);
#20=FILL_AREA_STYLE_COLOUR('',#19);
#21=FILL_AREA_STYLE('',(#20));
#22=SURFACE_STYLE_FILL_AREA(#21);
#23=SURFACE_SIDE_STYLE('',(#22));
#24=SURFACE_STYLE_USAGE(.BOTH.,#23);
#25=MECHANICAL_DESIGN_GEOMETRIC_PRESENTATION_REPRESENTATION('',(#27),#2245);
#26=PRESENTATION_STYLE_ASSIGNMENT((#24));
#27=STYLED_ITEM('',(#26),#103);
#28=(
BOUNDED_CURVE()
B_SPLINE_CURVE(1,(#2942,#2943),.UNSPECIFIED.,.F.,.F.)
B_SPLINE_CURVE_WITH_KNOTS((2,2),(0.,0.199999999999999),.UNSPECIFIED.)
CURVE()
GEOMETRIC_REPRESENTATION_ITEM()
RATIONAL_B_SPLINE_CURVE((1.,1.))
REPRESENTATION_ITEM('')
);
#29=(
BOUNDED_CURVE()
B_SPLINE_CURVE(1,(#2947,#2948),.UNSPECIFIED.,.F.,.F.)
B_SPLINE_CURVE_WITH_KNOTS((2,2),(0.,0.199999999999999),.UNSPECIFIED.)
CURVE()
GEOMETRIC_REPRESENTATION_ITEM()
RATIONAL_B_SPLINE_CURVE((1.,1.))
REPRESENTATION_ITEM('')
);
#30=(
BOUNDED_CURVE()
B_SPLINE_CURVE(1,(#2955,#2956),.UNSPECIFIED.,.F.,.F.)
B_SPLINE_CURVE_WITH_KNOTS((2,2),(-0.199999999999999,0.),.UNSPECIFIED.)
CURVE()
GEOMETRIC_REPRESENTATION_ITEM()
RATIONAL_B_SPLINE_CURVE((1.,1.))
REPRESENTATION_ITEM('')
);
#31=(
BOUNDED_CURVE()
B_SPLINE_CURVE(1,(#2960,#2961),.UNSPECIFIED.,.F.,.F.)
B_SPLINE_CURVE_WITH_KNOTS((2,2),(-0.199999999999999,0.),.UNSPECIFIED.)
CURVE()
GEOMETRIC_REPRESENTATION_ITEM()
RATIONAL_B_SPLINE_CURVE((1.,1.))
REPRESENTATION_ITEM('')
);
#32=(
BOUNDED_CURVE()
B_SPLINE_CURVE(1,(#2985,#2986),.UNSPECIFIED.,.F.,.F.)
B_SPLINE_CURVE_WITH_KNOTS((2,2),(0.,2.),.UNSPECIFIED.)
CURVE()
GEOMETRIC_REPRESENTATION_ITEM()
RATIONAL_B_SPLINE_CURVE((1.,1.))
REPRESENTATION_ITEM('')
);
#33=(
BOUNDED_CURVE()
B_SPLINE_CURVE(1,(#2990,#2991),.UNSPECIFIED.,.F.,.F.)
B_SPLINE_CURVE_WITH_KNOTS((2,2),(0.,2.),.UNSPECIFIED.)
CURVE()
GEOMETRIC_REPRESENTATION_ITEM()
RATIONAL_B_SPLINE_CURVE((1.,1.))
REPRESENTATION_ITEM('')
);
#34=(
BOUNDED_CURVE()
B_SPLINE_CURVE(1,(#3015,#3016),.UNSPECIFIED.,.F.,.F.)
B_SPLINE_CURVE_WITH_KNOTS((2,2),(0.,3.5),.UNSPECIFIED.)
CURVE()
GEOMETRIC_REPRESENTATION_ITEM()
RATIONAL_B_SPLINE_CURVE((1.,1.))
REPRESENTATION_ITEM('')
);
#35=(
BOUNDED_CURVE()
B_SPLINE_CURVE(1,(#3026,#3027),.UNSPECIFIED.,.F.,.F.)
B_SPLINE_CURVE_WITH_KNOTS((2,2),(18.5,22.),.UNSPECIFIED.)
CURVE()
GEOMETRIC_REPRESENTATION_ITEM()
RATIONAL_B_SPLINE_CURVE((1.,1.))
REPRESENTATION_ITEM('')
);
#36=(
BOUNDED_CURVE()
B_SPLINE_CURVE(1,(#3028,#3029),.UNSPECIFIED.,.F.,.F.)
B_SPLINE_CURVE_WITH_KNOTS((2,2),(0.,3.5),.UNSPECIFIED.)
CURVE()
GEOMETRIC_REPRESENTATION_ITEM()
RATIONAL_B_SPLINE_CURVE((1.,1.))
REPRESENTATION_ITEM('')
);
#37=(
BOUNDED_CURVE()
B_SPLINE_CURVE(1,(#3036,#3037),.UNSPECIFIED.,.F.,.F.)
B_SPLINE_CURVE_WITH_KNOTS((2,2),(18.5,22.),.UNSPECIFIED.)
CURVE()
GEOMETRIC_REPRESENTATION_ITEM()
RATIONAL_B_SPLINE_CURVE((1.,1.))
REPRESENTATION_ITEM('')
);
#38=(
BOUNDED_CURVE()
B_SPLINE_CURVE(1,(#3055,#3056),.UNSPECIFIED.,.F.,.F.)
B_SPLINE_CURVE_WITH_KNOTS((2,2),(0.,1.6),.UNSPECIFIED.)
CURVE()
GEOMETRIC_REPRESENTATION_ITEM()
RATIONAL_B_SPLINE_CURVE((1.,1.))
REPRESENTATION_ITEM('')
);
#39=(
BOUNDED_CURVE()
B_SPLINE_CURVE(1,(#3060,#3061),.UNSPECIFIED.,.F.,.F.)
B_SPLINE_CURVE_WITH_KNOTS((2,2),(0.,1.6),.UNSPECIFIED.)
CURVE()
GEOMETRIC_REPRESENTATION_ITEM()
RATIONAL_B_SPLINE_CURVE((1.,1.))
REPRESENTATION_ITEM('')
);
#40=(
BOUNDED_CURVE()
B_SPLINE_CURVE(1,(#3482,#3483),.UNSPECIFIED.,.F.,.F.)
B_SPLINE_CURVE_WITH_KNOTS((2,2),(0.,0.4),.UNSPECIFIED.)
CURVE()
GEOMETRIC_REPRESENTATION_ITEM()
RATIONAL_B_SPLINE_CURVE((1.,1.))
REPRESENTATION_ITEM('')
);
#41=(
BOUNDED_CURVE()
B_SPLINE_CURVE(1,(#3487,#3488),.UNSPECIFIED.,.F.,.F.)
B_SPLINE_CURVE_WITH_KNOTS((2,2),(0.,0.4),.UNSPECIFIED.)
CURVE()
GEOMETRIC_REPRESENTATION_ITEM()
RATIONAL_B_SPLINE_CURVE((1.,1.))
REPRESENTATION_ITEM('')
);
#42=(
BOUNDED_CURVE()
B_SPLINE_CURVE(1,(#3492,#3493),.UNSPECIFIED.,.F.,.F.)
B_SPLINE_CURVE_WITH_KNOTS((2,2),(0.,8.9),.UNSPECIFIED.)
CURVE()
GEOMETRIC_REPRESENTATION_ITEM()
RATIONAL_B_SPLINE_CURVE((1.,1.))
REPRESENTATION_ITEM('')
);
#43=(
BOUNDED_CURVE()
B_SPLINE_CURVE(1,(#3497,#3498),.UNSPECIFIED.,.F.,.F.)
B_SPLINE_CURVE_WITH_KNOTS((2,2),(0.,8.9),.UNSPECIFIED.)
CURVE()
GEOMETRIC_REPRESENTATION_ITEM()
RATIONAL_B_SPLINE_CURVE((1.,1.))
REPRESENTATION_ITEM('')
);
#44=(
BOUNDED_CURVE()
B_SPLINE_CURVE(1,(#3505,#3506),.UNSPECIFIED.,.F.,.F.)
B_SPLINE_CURVE_WITH_KNOTS((2,2),(-6.,0.),.UNSPECIFIED.)
CURVE()
GEOMETRIC_REPRESENTATION_ITEM()
RATIONAL_B_SPLINE_CURVE((1.,1.))
REPRESENTATION_ITEM('')
);
#45=(
BOUNDED_CURVE()
B_SPLINE_CURVE(1,(#3510,#3511),.UNSPECIFIED.,.F.,.F.)
B_SPLINE_CURVE_WITH_KNOTS((2,2),(-6.,0.),.UNSPECIFIED.)
CURVE()
GEOMETRIC_REPRESENTATION_ITEM()
RATIONAL_B_SPLINE_CURVE((1.,1.))
REPRESENTATION_ITEM('')
);
#46=(
BOUNDED_CURVE()
B_SPLINE_CURVE(1,(#3515,#3516),.UNSPECIFIED.,.F.,.F.)
B_SPLINE_CURVE_WITH_KNOTS((2,2),(-6.,0.),.UNSPECIFIED.)
CURVE()
GEOMETRIC_REPRESENTATION_ITEM()
RATIONAL_B_SPLINE_CURVE((1.,1.))
REPRESENTATION_ITEM('')
);
#47=(
BOUNDED_CURVE()
B_SPLINE_CURVE(1,(#3520,#3521),.UNSPECIFIED.,.F.,.F.)
B_SPLINE_CURVE_WITH_KNOTS((2,2),(-6.,0.),.UNSPECIFIED.)
CURVE()
GEOMETRIC_REPRESENTATION_ITEM()
RATIONAL_B_SPLINE_CURVE((1.,1.))
REPRESENTATION_ITEM('')
);
#48=(
BOUNDED_CURVE()
B_SPLINE_CURVE(1,(#3525,#3526),.UNSPECIFIED.,.F.,.F.)
B_SPLINE_CURVE_WITH_KNOTS((2,2),(-6.,0.),.UNSPECIFIED.)
CURVE()
GEOMETRIC_REPRESENTATION_ITEM()
RATIONAL_B_SPLINE_CURVE((1.,1.))
REPRESENTATION_ITEM('')
);
#49=(
BOUNDED_CURVE()
B_SPLINE_CURVE(1,(#3530,#3531),.UNSPECIFIED.,.F.,.F.)
B_SPLINE_CURVE_WITH_KNOTS((2,2),(-6.,0.),.UNSPECIFIED.)
CURVE()
GEOMETRIC_REPRESENTATION_ITEM()
RATIONAL_B_SPLINE_CURVE((1.,1.))
REPRESENTATION_ITEM('')
);
#50=(
BOUNDED_CURVE()
B_SPLINE_CURVE(1,(#3535,#3536),.UNSPECIFIED.,.F.,.F.)
B_SPLINE_CURVE_WITH_KNOTS((2,2),(-9.,0.),.UNSPECIFIED.)
CURVE()
GEOMETRIC_REPRESENTATION_ITEM()
RATIONAL_B_SPLINE_CURVE((1.,1.))
REPRESENTATION_ITEM('')
);
#51=(
BOUNDED_CURVE()
B_SPLINE_CURVE(1,(#3540,#3541),.UNSPECIFIED.,.F.,.F.)
B_SPLINE_CURVE_WITH_KNOTS((2,2),(-9.,0.),.UNSPECIFIED.)
CURVE()
GEOMETRIC_REPRESENTATION_ITEM()
RATIONAL_B_SPLINE_CURVE((1.,1.))
REPRESENTATION_ITEM('')
);
#52=(
BOUNDED_CURVE()
B_SPLINE_CURVE(1,(#3604,#3605),.UNSPECIFIED.,.F.,.F.)
B_SPLINE_CURVE_WITH_KNOTS((2,2),(0.,0.399999999999999),.UNSPECIFIED.)
CURVE()
GEOMETRIC_REPRESENTATION_ITEM()
RATIONAL_B_SPLINE_CURVE((1.,1.))
REPRESENTATION_ITEM('')
);
#53=(
BOUNDED_CURVE()
B_SPLINE_CURVE(1,(#3609,#3610),.UNSPECIFIED.,.F.,.F.)
B_SPLINE_CURVE_WITH_KNOTS((2,2),(0.,0.399999999999999),.UNSPECIFIED.)
CURVE()
GEOMETRIC_REPRESENTATION_ITEM()
RATIONAL_B_SPLINE_CURVE((1.,1.))
REPRESENTATION_ITEM('')
);
#54=(
BOUNDED_CURVE()
B_SPLINE_CURVE(1,(#3614,#3615),.UNSPECIFIED.,.F.,.F.)
B_SPLINE_CURVE_WITH_KNOTS((2,2),(-0.399999999999999,0.),.UNSPECIFIED.)
CURVE()
GEOMETRIC_REPRESENTATION_ITEM()
RATIONAL_B_SPLINE_CURVE((1.,1.))
REPRESENTATION_ITEM('')
);
#55=(
BOUNDED_CURVE()
B_SPLINE_CURVE(1,(#3619,#3620),.UNSPECIFIED.,.F.,.F.)
B_SPLINE_CURVE_WITH_KNOTS((2,2),(-0.399999999999999,0.),.UNSPECIFIED.)
CURVE()
GEOMETRIC_REPRESENTATION_ITEM()
RATIONAL_B_SPLINE_CURVE((1.,1.))
REPRESENTATION_ITEM('')
);
#56=(
BOUNDED_CURVE()
B_SPLINE_CURVE(1,(#3802,#3803),.UNSPECIFIED.,.F.,.F.)
B_SPLINE_CURVE_WITH_KNOTS((2,2),(0.,3.8),.UNSPECIFIED.)
CURVE()
GEOMETRIC_REPRESENTATION_ITEM()
RATIONAL_B_SPLINE_CURVE((1.,1.))
REPRESENTATION_ITEM('')
);
#57=(
BOUNDED_CURVE()
B_SPLINE_CURVE(1,(#3807,#3808),.UNSPECIFIED.,.F.,.F.)
B_SPLINE_CURVE_WITH_KNOTS((2,2),(0.,3.8),.UNSPECIFIED.)
CURVE()
GEOMETRIC_REPRESENTATION_ITEM()
RATIONAL_B_SPLINE_CURVE((1.,1.))
REPRESENTATION_ITEM('')
);
#58=(
BOUNDED_CURVE()
B_SPLINE_CURVE(1,(#3812,#3813),.UNSPECIFIED.,.F.,.F.)
B_SPLINE_CURVE_WITH_KNOTS((2,2),(0.,0.2),.UNSPECIFIED.)
CURVE()
GEOMETRIC_REPRESENTATION_ITEM()
RATIONAL_B_SPLINE_CURVE((1.,1.))
REPRESENTATION_ITEM('')
);
#59=(
BOUNDED_CURVE()
B_SPLINE_CURVE(1,(#3817,#3818),.UNSPECIFIED.,.F.,.F.)
B_SPLINE_CURVE_WITH_KNOTS((2,2),(0.,0.2),.UNSPECIFIED.)
CURVE()
GEOMETRIC_REPRESENTATION_ITEM()
RATIONAL_B_SPLINE_CURVE((1.,1.))
REPRESENTATION_ITEM('')
);
#60=(
BOUNDED_CURVE()
B_SPLINE_CURVE(2,(#3837,#3838,#3839,#3840,#3841,#3842,#3843,#3844,#3845,
#3846,#3847),.UNSPECIFIED.,.F.,.F.)
B_SPLINE_CURVE_WITH_KNOTS((3,2,2,2,2,3),(-31.4077611266677,-29.9261585087235,
-28.4445558907793,-2.96320523777061,-1.4816026188853,0.),.UNSPECIFIED.)
CURVE()
GEOMETRIC_REPRESENTATION_ITEM()
RATIONAL_B_SPLINE_CURVE((1.,0.896615758777987,1.,0.896615758777987,1.,0.708747303490157,
1.,0.89661575866631,1.,0.89661575866631,1.))
REPRESENTATION_ITEM('')
);
#61=(
BOUNDED_CURVE()
B_SPLINE_CURVE(1,(#3848,#3849),.UNSPECIFIED.,.F.,.F.)
B_SPLINE_CURVE_WITH_KNOTS((2,2),(0.,2.),.UNSPECIFIED.)
CURVE()
GEOMETRIC_REPRESENTATION_ITEM()
RATIONAL_B_SPLINE_CURVE((1.,1.))
REPRESENTATION_ITEM('')
);
#62=(
BOUNDED_CURVE()
B_SPLINE_CURVE(1,(#3853,#3854),.UNSPECIFIED.,.F.,.F.)
B_SPLINE_CURVE_WITH_KNOTS((2,2),(0.,2.),.UNSPECIFIED.)
CURVE()
GEOMETRIC_REPRESENTATION_ITEM()
RATIONAL_B_SPLINE_CURVE((1.,1.))
REPRESENTATION_ITEM('')
);
#63=(
BOUNDED_CURVE()
B_SPLINE_CURVE(1,(#3858,#3859),.UNSPECIFIED.,.F.,.F.)
B_SPLINE_CURVE_WITH_KNOTS((2,2),(0.,2.),.UNSPECIFIED.)
CURVE()
GEOMETRIC_REPRESENTATION_ITEM()
RATIONAL_B_SPLINE_CURVE((1.,1.))
REPRESENTATION_ITEM('')
);
#64=(
BOUNDED_CURVE()
B_SPLINE_CURVE(1,(#3876,#3877),.UNSPECIFIED.,.F.,.F.)
B_SPLINE_CURVE_WITH_KNOTS((2,2),(-2.,0.),.UNSPECIFIED.)
CURVE()
GEOMETRIC_REPRESENTATION_ITEM()
RATIONAL_B_SPLINE_CURVE((1.,1.))
REPRESENTATION_ITEM('')
);
#65=(
BOUNDED_CURVE()
B_SPLINE_CURVE(1,(#3884,#3885),.UNSPECIFIED.,.F.,.F.)
B_SPLINE_CURVE_WITH_KNOTS((2,2),(0.,2.),.UNSPECIFIED.)
CURVE()
GEOMETRIC_REPRESENTATION_ITEM()
RATIONAL_B_SPLINE_CURVE((1.,1.))
REPRESENTATION_ITEM('')
);
#66=(
BOUNDED_CURVE()
B_SPLINE_CURVE(2,(#3897,#3898,#3899,#3900,#3901,#3902,#3903,#3904,#3905,
#3906,#3907),.UNSPECIFIED.,.F.,.F.)
B_SPLINE_CURVE_WITH_KNOTS((3,2,2,2,2,3),(-31.4077611266678,-29.9261585087236,
-28.4445558907794,-2.96320523777066,-1.48160261888533,0.),.UNSPECIFIED.)
CURVE()
GEOMETRIC_REPRESENTATION_ITEM()
RATIONAL_B_SPLINE_CURVE((1.,0.896615758777987,1.,0.896615758777987,1.,0.708747303490157,
1.,0.89661575866631,1.,0.89661575866631,1.))
REPRESENTATION_ITEM('')
);
#67=(
BOUNDED_CURVE()
B_SPLINE_CURVE(1,(#3908,#3909),.UNSPECIFIED.,.F.,.F.)
B_SPLINE_CURVE_WITH_KNOTS((2,2),(0.,2.),.UNSPECIFIED.)
CURVE()
GEOMETRIC_REPRESENTATION_ITEM()
RATIONAL_B_SPLINE_CURVE((1.,1.))
REPRESENTATION_ITEM('')
);
#68=(
BOUNDED_CURVE()
B_SPLINE_CURVE(1,(#3913,#3914),.UNSPECIFIED.,.F.,.F.)
B_SPLINE_CURVE_WITH_KNOTS((2,2),(0.,2.),.UNSPECIFIED.)
CURVE()
GEOMETRIC_REPRESENTATION_ITEM()
RATIONAL_B_SPLINE_CURVE((1.,1.))
REPRESENTATION_ITEM('')
);
#69=(
BOUNDED_CURVE()
B_SPLINE_CURVE(1,(#3918,#3919),.UNSPECIFIED.,.F.,.F.)
B_SPLINE_CURVE_WITH_KNOTS((2,2),(0.,2.),.UNSPECIFIED.)
CURVE()
GEOMETRIC_REPRESENTATION_ITEM()
RATIONAL_B_SPLINE_CURVE((1.,1.))
REPRESENTATION_ITEM('')
);
#70=(
BOUNDED_CURVE()
B_SPLINE_CURVE(1,(#3932,#3933),.UNSPECIFIED.,.F.,.F.)
B_SPLINE_CURVE_WITH_KNOTS((2,2),(-2.,0.),.UNSPECIFIED.)
CURVE()
GEOMETRIC_REPRESENTATION_ITEM()
RATIONAL_B_SPLINE_CURVE((1.,1.))
REPRESENTATION_ITEM('')
);
#71=(
BOUNDED_CURVE()
B_SPLINE_CURVE(1,(#3940,#3941),.UNSPECIFIED.,.F.,.F.)
B_SPLINE_CURVE_WITH_KNOTS((2,2),(0.,2.),.UNSPECIFIED.)
CURVE()
GEOMETRIC_REPRESENTATION_ITEM()
RATIONAL_B_SPLINE_CURVE((1.,1.))
REPRESENTATION_ITEM('')
);
#72=(
BOUNDED_CURVE()
B_SPLINE_CURVE(1,(#3956,#3957),.UNSPECIFIED.,.F.,.F.)
B_SPLINE_CURVE_WITH_KNOTS((2,2),(0.,2.),.UNSPECIFIED.)
CURVE()
GEOMETRIC_REPRESENTATION_ITEM()
RATIONAL_B_SPLINE_CURVE((1.,1.))
REPRESENTATION_ITEM('')
);
#73=(
BOUNDED_CURVE()
B_SPLINE_CURVE(1,(#3961,#3962),.UNSPECIFIED.,.F.,.F.)
B_SPLINE_CURVE_WITH_KNOTS((2,2),(0.,2.),.UNSPECIFIED.)
CURVE()
GEOMETRIC_REPRESENTATION_ITEM()
RATIONAL_B_SPLINE_CURVE((1.,1.))
REPRESENTATION_ITEM('')
);
#74=(
BOUNDED_CURVE()
B_SPLINE_CURVE(2,(#3966,#3967,#3968,#3969,#3970,#3971,#3972,#3973,#3974,
#3975,#3976),.UNSPECIFIED.,.F.,.F.)
B_SPLINE_CURVE_WITH_KNOTS((3,2,2,2,2,3),(-31.4077611266677,-29.9261585087235,
-28.4445558907793,-2.96320523777072,-1.48160261888531,0.),.UNSPECIFIED.)
CURVE()
GEOMETRIC_REPRESENTATION_ITEM()
RATIONAL_B_SPLINE_CURVE((1.,0.896615758777987,1.,0.896615758777987,1.,0.708747303490157,
1.,0.89661575866631,1.,0.89661575866631,1.))
REPRESENTATION_ITEM('')
);
#75=(
BOUNDED_CURVE()
B_SPLINE_CURVE(1,(#3977,#3978),.UNSPECIFIED.,.F.,.F.)
B_SPLINE_CURVE_WITH_KNOTS((2,2),(0.,2.),.UNSPECIFIED.)
CURVE()
GEOMETRIC_REPRESENTATION_ITEM()
RATIONAL_B_SPLINE_CURVE((1.,1.))
REPRESENTATION_ITEM('')
);
#76=(
BOUNDED_CURVE()
B_SPLINE_CURVE(1,(#3986,#3987),.UNSPECIFIED.,.F.,.F.)
B_SPLINE_CURVE_WITH_KNOTS((2,2),(-2.,0.),.UNSPECIFIED.)
CURVE()
GEOMETRIC_REPRESENTATION_ITEM()
RATIONAL_B_SPLINE_CURVE((1.,1.))
REPRESENTATION_ITEM('')
);
#77=(
BOUNDED_CURVE()
B_SPLINE_CURVE(1,(#3994,#3995),.UNSPECIFIED.,.F.,.F.)
B_SPLINE_CURVE_WITH_KNOTS((2,2),(0.,2.),.UNSPECIFIED.)
CURVE()
GEOMETRIC_REPRESENTATION_ITEM()
RATIONAL_B_SPLINE_CURVE((1.,1.))
REPRESENTATION_ITEM('')
);
#78=(
BOUNDED_CURVE()
B_SPLINE_CURVE(1,(#4029,#4030),.UNSPECIFIED.,.F.,.F.)
B_SPLINE_CURVE_WITH_KNOTS((2,2),(-2.,0.),.UNSPECIFIED.)
CURVE()
GEOMETRIC_REPRESENTATION_ITEM()
RATIONAL_B_SPLINE_CURVE((1.,1.))
REPRESENTATION_ITEM('')
);
#79=(
BOUNDED_CURVE()
B_SPLINE_CURVE(1,(#4034,#4035),.UNSPECIFIED.,.F.,.F.)
B_SPLINE_CURVE_WITH_KNOTS((2,2),(-2.,0.),.UNSPECIFIED.)
CURVE()
GEOMETRIC_REPRESENTATION_ITEM()
RATIONAL_B_SPLINE_CURVE((1.,1.))
REPRESENTATION_ITEM('')
);
#80=(
BOUNDED_CURVE()
B_SPLINE_CURVE(1,(#4039,#4040),.UNSPECIFIED.,.F.,.F.)
B_SPLINE_CURVE_WITH_KNOTS((2,2),(-2.,0.),.UNSPECIFIED.)
CURVE()
GEOMETRIC_REPRESENTATION_ITEM()
RATIONAL_B_SPLINE_CURVE((1.,1.))
REPRESENTATION_ITEM('')
);
#81=(
BOUNDED_CURVE()
B_SPLINE_CURVE(1,(#4044,#4045),.UNSPECIFIED.,.F.,.F.)
B_SPLINE_CURVE_WITH_KNOTS((2,2),(-2.,0.),.UNSPECIFIED.)
CURVE()
GEOMETRIC_REPRESENTATION_ITEM()
RATIONAL_B_SPLINE_CURVE((1.,1.))
REPRESENTATION_ITEM('')
);
#82=(
BOUNDED_CURVE()
B_SPLINE_CURVE(1,(#4073,#4074),.UNSPECIFIED.,.F.,.F.)
B_SPLINE_CURVE_WITH_KNOTS((2,2),(0.,2.),.UNSPECIFIED.)
CURVE()
GEOMETRIC_REPRESENTATION_ITEM()
RATIONAL_B_SPLINE_CURVE((1.,1.))
REPRESENTATION_ITEM('')
);
#83=(
BOUNDED_CURVE()
B_SPLINE_CURVE(1,(#4084,#4085),.UNSPECIFIED.,.F.,.F.)
B_SPLINE_CURVE_WITH_KNOTS((2,2),(1.6,3.6),.UNSPECIFIED.)
CURVE()
GEOMETRIC_REPRESENTATION_ITEM()
RATIONAL_B_SPLINE_CURVE((1.,1.))
REPRESENTATION_ITEM('')
);
#84=PRESENTATION_LAYER_ASSIGNMENT(
'Tube unit-T::Inner Ring Unit -TI::Tilt Unit-TIT::BLDC motor','',(#101));
#85=PRESENTATION_LAYER_ASSIGNMENT(
'Tube unit-T::Inner Ring Unit -TI::Tilt Unit-TIT::BLDC motor','',(#102));
#86=PRESENTATION_LAYER_ASSIGNMENT(
'Tube unit-T::Inner Ring Unit -TI::Tilt Unit-TIT::BLDC motor','',(#103));
#87=PRESENTATION_LAYER_ASSIGNMENT(
'Tube unit-T::Inner Ring Unit -TI::Tilt Unit-TIT::BLDC motor','',(#104));
#88=PRESENTATION_LAYER_ASSIGNMENT(
'Tube unit-T::Inner Ring Unit -TI::Tilt Unit-TIT::BLDC motor','',(#3044));
#89=PRESENTATION_LAYER_ASSIGNMENT(
'Tube unit-T::Inner Ring Unit -TI::Tilt Unit-TIT::BLDC motor','',(#3045));
#90=PRESENTATION_LAYER_ASSIGNMENT(
'Tube unit-T::Inner Ring Unit -TI::Tilt Unit-TIT::BLDC motor','',(#3046));
#91=PRESENTATION_LAYER_ASSIGNMENT(
'Tube unit-T::Inner Ring Unit -TI::Tilt Unit-TIT::BLDC motor','',(#105));
#92=PRESENTATION_LAYER_ASSIGNMENT(
'Tube unit-T::Inner Ring Unit -TI::Tilt Unit-TIT::BLDC motor','',(#106));
#93=PRESENTATION_LAYER_ASSIGNMENT(
'Tube unit-T::Inner Ring Unit -TI::Tilt Unit-TIT::BLDC motor','',(#107));
#94=PRESENTATION_LAYER_ASSIGNMENT(
'Tube unit-T::Inner Ring Unit -TI::Tilt Unit-TIT::BLDC motor','',(#108));
#95=PRESENTATION_LAYER_ASSIGNMENT(
'Tube unit-T::Inner Ring Unit -TI::Tilt Unit-TIT::BLDC motor','',(#109));
#96=PRESENTATION_LAYER_ASSIGNMENT(
'Tube unit-T::Inner Ring Unit -TI::Tilt Unit-TIT::BLDC motor','',(#110));
#97=PRESENTATION_LAYER_ASSIGNMENT(
'Tube unit-T::Inner Ring Unit -TI::Tilt Unit-TIT::BLDC motor','',(#111));
#98=PRESENTATION_LAYER_ASSIGNMENT(
'Tube unit-T::Inner Ring Unit -TI::Tilt Unit-TIT::BLDC motor','',(#112));
#99=PRESENTATION_LAYER_ASSIGNMENT(
'Tube unit-T::Inner Ring Unit -TI::Tilt Unit-TIT::BLDC motor','',(#113));
#100=PRESENTATION_LAYER_ASSIGNMENT(
'Tube unit-T::Inner Ring Unit -TI::Tilt Unit-TIT::BLDC motor','',(#114));
#101=MANIFOLD_SOLID_BREP('brep_1',#116);
#102=MANIFOLD_SOLID_BREP('brep_12',#117);
#103=MANIFOLD_SOLID_BREP('brep_3',#118);
#104=MANIFOLD_SOLID_BREP('brep_4',#119);
#105=MANIFOLD_SOLID_BREP('brep_3',#120);
#106=MANIFOLD_SOLID_BREP('brep_4',#121);
#107=MANIFOLD_SOLID_BREP('brep_5',#122);
#108=MANIFOLD_SOLID_BREP('brep_6',#123);
#109=MANIFOLD_SOLID_BREP('brep_7',#124);
#110=MANIFOLD_SOLID_BREP('brep_8',#125);
#111=MANIFOLD_SOLID_BREP('brep_9',#126);
#112=MANIFOLD_SOLID_BREP('brep_10',#127);
#113=MANIFOLD_SOLID_BREP('brep_13',#128);
#114=MANIFOLD_SOLID_BREP('brep_1',#129);
#115=ADVANCED_BREP_SHAPE_REPRESENTATION('brep_rep_0',(#101,#102,#103,#104,
#105,#106,#107,#108,#109,#110,#111,#112,#113,#114,#2501),#2245);
#116=CLOSED_SHELL('',(#130,#131,#132,#133,#134,#135));
#117=CLOSED_SHELL('',(#136,#137,#138,#139,#140,#141));
#118=CLOSED_SHELL('',(#142,#143,#144,#145));
#119=CLOSED_SHELL('',(#146,#147,#148,#149,#150,#151));
#120=CLOSED_SHELL('',(#152,#153,#154,#155));
#121=CLOSED_SHELL('',(#156,#157,#158,#159,#160,#161,#162,#163,#164,#165));
#122=CLOSED_SHELL('',(#166,#167,#168,#169,#170,#171));
#123=CLOSED_SHELL('',(#172,#173,#174,#175,#176,#177,#178,#179,#180,#181));
#124=CLOSED_SHELL('',(#182,#183,#184,#185,#186,#187));
#125=CLOSED_SHELL('',(#188,#189,#190,#191,#192,#193,#194,#195,#196,#197));
#126=CLOSED_SHELL('',(#198,#199,#200,#201,#202,#203));
#127=CLOSED_SHELL('',(#204,#205,#206,#207,#208,#209,#210,#211,#212,#213,
#214,#215,#216,#217,#218,#219,#220,#221,#222,#223,#224));
#128=CLOSED_SHELL('',(#225,#226,#227,#228,#229,#230));
#129=CLOSED_SHELL('',(#231,#232,#233,#234,#235,#236,#237,#238,#239,#240,
#241,#242,#243,#244,#245,#246,#247,#248,#249,#250,#251,#252,#253,#254,#255,
#256,#257,#258,#259,#260,#261,#262,#263,#264,#265));
#130=ADVANCED_FACE('',(#290,#266),#2151,.T.);
#131=ADVANCED_FACE('',(#291),#2097,.T.);
#132=ADVANCED_FACE('',(#292),#2098,.T.);
#133=ADVANCED_FACE('',(#293),#2099,.F.);
#134=ADVANCED_FACE('',(#294),#2100,.F.);
#135=ADVANCED_FACE('',(#295,#267),#2152,.T.);
#136=ADVANCED_FACE('',(#296),#2101,.T.);
#137=ADVANCED_FACE('',(#297,#268),#2153,.T.);
#138=ADVANCED_FACE('',(#298,#269),#2154,.T.);
#139=ADVANCED_FACE('',(#299),#2102,.F.);
#140=ADVANCED_FACE('',(#300),#2103,.T.);
#141=ADVANCED_FACE('',(#301),#2104,.F.);
#142=ADVANCED_FACE('',(#302),#2105,.T.);
#143=ADVANCED_FACE('',(#303),#2155,.T.);
#144=ADVANCED_FACE('',(#304),#2156,.T.);
#145=ADVANCED_FACE('',(#305),#2106,.T.);
#146=ADVANCED_FACE('',(#306),#2107,.T.);
#147=ADVANCED_FACE('',(#307,#270),#2157,.T.);
#148=ADVANCED_FACE('',(#308,#271),#2158,.T.);
#149=ADVANCED_FACE('',(#309),#2108,.F.);
#150=ADVANCED_FACE('',(#310),#2109,.T.);
#151=ADVANCED_FACE('',(#311),#2110,.F.);
#152=ADVANCED_FACE('',(#312),#2111,.T.);
#153=ADVANCED_FACE('',(#313),#2159,.T.);
#154=ADVANCED_FACE('',(#314),#2160,.T.);
#155=ADVANCED_FACE('',(#315),#2112,.T.);
#156=ADVANCED_FACE('',(#316),#2161,.T.);
#157=ADVANCED_FACE('',(#317),#2162,.T.);
#158=ADVANCED_FACE('',(#318),#2163,.T.);
#159=ADVANCED_FACE('',(#319),#2164,.T.);
#160=ADVANCED_FACE('',(#320),#2165,.T.);
#161=ADVANCED_FACE('',(#321),#2166,.T.);
#162=ADVANCED_FACE('',(#322),#2167,.T.);
#163=ADVANCED_FACE('',(#323),#2168,.T.);
#164=ADVANCED_FACE('',(#324),#2169,.T.);
#165=ADVANCED_FACE('',(#325),#2170,.T.);
#166=ADVANCED_FACE('',(#326),#2171,.T.);
#167=ADVANCED_FACE('',(#327),#2172,.T.);
#168=ADVANCED_FACE('',(#328),#2173,.T.);
#169=ADVANCED_FACE('',(#329),#2174,.T.);
#170=ADVANCED_FACE('',(#330),#2175,.T.);
#171=ADVANCED_FACE('',(#331),#2176,.T.);
#172=ADVANCED_FACE('',(#332),#2177,.T.);
#173=ADVANCED_FACE('',(#333),#2178,.T.);
#174=ADVANCED_FACE('',(#334),#2179,.T.);
#175=ADVANCED_FACE('',(#335),#2180,.T.);
#176=ADVANCED_FACE('',(#336),#2181,.T.);
#177=ADVANCED_FACE('',(#337),#2182,.T.);
#178=ADVANCED_FACE('',(#338),#2183,.T.);
#179=ADVANCED_FACE('',(#339),#2184,.T.);
#180=ADVANCED_FACE('',(#340),#2185,.T.);
#181=ADVANCED_FACE('',(#341),#2186,.T.);
#182=ADVANCED_FACE('',(#342),#2187,.T.);
#183=ADVANCED_FACE('',(#343),#2188,.T.);
#184=ADVANCED_FACE('',(#344),#2189,.T.);
#185=ADVANCED_FACE('',(#345),#2190,.T.);
#186=ADVANCED_FACE('',(#346),#2191,.T.);
#187=ADVANCED_FACE('',(#347),#2192,.T.);
#188=ADVANCED_FACE('',(#348),#2193,.T.);
#189=ADVANCED_FACE('',(#349),#2194,.T.);
#190=ADVANCED_FACE('',(#350),#2195,.T.);
#191=ADVANCED_FACE('',(#351),#2196,.T.);
#192=ADVANCED_FACE('',(#352),#2197,.T.);
#193=ADVANCED_FACE('',(#353),#2198,.T.);
#194=ADVANCED_FACE('',(#354),#2199,.T.);
#195=ADVANCED_FACE('',(#355),#2200,.T.);
#196=ADVANCED_FACE('',(#356),#2201,.T.);
#197=ADVANCED_FACE('',(#357),#2202,.T.);
#198=ADVANCED_FACE('',(#358),#2203,.T.);
#199=ADVANCED_FACE('',(#359),#2204,.T.);
#200=ADVANCED_FACE('',(#360),#2205,.T.);
#201=ADVANCED_FACE('',(#361),#2206,.T.);
#202=ADVANCED_FACE('',(#362),#2207,.T.);
#203=ADVANCED_FACE('',(#363),#2208,.T.);
#204=ADVANCED_FACE('',(#364),#2113,.T.);
#205=ADVANCED_FACE('',(#365),#2209,.T.);
#206=ADVANCED_FACE('',(#366),#2114,.T.);
#207=ADVANCED_FACE('',(#367),#2210,.T.);
#208=ADVANCED_FACE('',(#368,#272,#273,#274,#275),#2211,.T.);
#209=ADVANCED_FACE('',(#369),#2115,.F.);
#210=ADVANCED_FACE('',(#370),#2212,.T.);
#211=ADVANCED_FACE('',(#371),#2116,.F.);
#212=ADVANCED_FACE('',(#372),#2213,.T.);
#213=ADVANCED_FACE('',(#373),#2117,.F.);
#214=ADVANCED_FACE('',(#374),#2214,.T.);
#215=ADVANCED_FACE('',(#375),#2118,.F.);
#216=ADVANCED_FACE('',(#376,#276),#2215,.T.);
#217=ADVANCED_FACE('',(#377),#12,.T.);
#218=ADVANCED_FACE('',(#378),#2119,.T.);
#219=ADVANCED_FACE('',(#379),#2120,.T.);
#220=ADVANCED_FACE('',(#380),#2121,.F.);
#221=ADVANCED_FACE('',(#381),#2122,.F.);
#222=ADVANCED_FACE('',(#382),#2123,.F.);
#223=ADVANCED_FACE('',(#383),#2124,.F.);
#224=ADVANCED_FACE('',(#384),#13,.T.);
#225=ADVANCED_FACE('',(#385),#2125,.T.);
#226=ADVANCED_FACE('',(#386),#2126,.F.);
#227=ADVANCED_FACE('',(#387,#277),#2216,.T.);
#228=ADVANCED_FACE('',(#388,#278),#2217,.T.);
#229=ADVANCED_FACE('',(#389),#2127,.T.);
#230=ADVANCED_FACE('',(#390),#2128,.F.);
#231=ADVANCED_FACE('',(#391),#2129,.T.);
#232=ADVANCED_FACE('',(#392,#279),#2218,.T.);
#233=ADVANCED_FACE('',(#393,#280),#2219,.T.);
#234=ADVANCED_FACE('',(#394),#2130,.T.);
#235=ADVANCED_FACE('',(#395,#281,#282,#283,#284,#285,#286),#2220,.T.);
#236=ADVANCED_FACE('',(#396),#14,.T.);
#237=ADVANCED_FACE('',(#397),#2221,.T.);
#238=ADVANCED_FACE('',(#398),#2222,.T.);
#239=ADVANCED_FACE('',(#399),#2131,.F.);
#240=ADVANCED_FACE('',(#400),#2132,.T.);
#241=ADVANCED_FACE('',(#401),#2133,.F.);
#242=ADVANCED_FACE('',(#402),#2223,.T.);
#243=ADVANCED_FACE('',(#403),#15,.T.);
#244=ADVANCED_FACE('',(#404),#2224,.T.);
#245=ADVANCED_FACE('',(#405),#2134,.F.);
#246=ADVANCED_FACE('',(#406),#2135,.T.);
#247=ADVANCED_FACE('',(#407),#2136,.F.);
#248=ADVANCED_FACE('',(#408),#2225,.T.);
#249=ADVANCED_FACE('',(#409),#16,.T.);
#250=ADVANCED_FACE('',(#410),#2226,.T.);
#251=ADVANCED_FACE('',(#411),#2137,.F.);
#252=ADVANCED_FACE('',(#412),#2138,.T.);
#253=ADVANCED_FACE('',(#413),#2139,.F.);
#254=ADVANCED_FACE('',(#414),#2140,.F.);
#255=ADVANCED_FACE('',(#415),#2141,.F.);
#256=ADVANCED_FACE('',(#416),#2142,.F.);
#257=ADVANCED_FACE('',(#417,#287,#288,#289),#2227,.T.);
#258=ADVANCED_FACE('',(#418),#2143,.F.);
#259=ADVANCED_FACE('',(#419),#2144,.F.);
#260=ADVANCED_FACE('',(#420),#2145,.T.);
#261=ADVANCED_FACE('',(#421),#2146,.T.);
#262=ADVANCED_FACE('',(#422),#2147,.F.);
#263=ADVANCED_FACE('',(#423),#2148,.F.);
#264=ADVANCED_FACE('',(#424),#2149,.F.);
#265=ADVANCED_FACE('',(#425),#2150,.F.);
#266=FACE_BOUND('',#427,.T.);
#267=FACE_BOUND('',#433,.T.);
#268=FACE_BOUND('',#436,.T.);
#269=FACE_BOUND('',#438,.T.);
#270=FACE_BOUND('',#448,.T.);
#271=FACE_BOUND('',#450,.T.);
#272=FACE_BOUND('',#511,.T.);
#273=FACE_BOUND('',#512,.T.);
#274=FACE_BOUND('',#513,.T.);
#275=FACE_BOUND('',#514,.T.);
#276=FACE_BOUND('',#523,.T.);
#277=FACE_BOUND('',#535,.T.);
#278=FACE_BOUND('',#537,.T.);
#279=FACE_BOUND('',#542,.T.);
#280=FACE_BOUND('',#544,.T.);
#281=FACE_BOUND('',#547,.T.);
#282=FACE_BOUND('',#548,.T.);
#283=FACE_BOUND('',#549,.T.);
#284=FACE_BOUND('',#550,.T.);
#285=FACE_BOUND('',#551,.T.);
#286=FACE_BOUND('',#552,.T.);
#287=FACE_BOUND('',#575,.T.);
#288=FACE_BOUND('',#576,.T.);
#289=FACE_BOUND('',#577,.T.);
#290=FACE_OUTER_BOUND('',#426,.T.);
#291=FACE_OUTER_BOUND('',#428,.T.);
#292=FACE_OUTER_BOUND('',#429,.T.);
#293=FACE_OUTER_BOUND('',#430,.T.);
#294=FACE_OUTER_BOUND('',#431,.T.);
#295=FACE_OUTER_BOUND('',#432,.T.);
#296=FACE_OUTER_BOUND('',#434,.T.);
#297=FACE_OUTER_BOUND('',#435,.T.);
#298=FACE_OUTER_BOUND('',#437,.T.);
#299=FACE_OUTER_BOUND('',#439,.T.);
#300=FACE_OUTER_BOUND('',#440,.T.);
#301=FACE_OUTER_BOUND('',#441,.T.);
#302=FACE_OUTER_BOUND('',#442,.T.);
#303=FACE_OUTER_BOUND('',#443,.T.);
#304=FACE_OUTER_BOUND('',#444,.T.);
#305=FACE_OUTER_BOUND('',#445,.T.);
#306=FACE_OUTER_BOUND('',#446,.T.);
#307=FACE_OUTER_BOUND('',#447,.T.);
#308=FACE_OUTER_BOUND('',#449,.T.);
#309=FACE_OUTER_BOUND('',#451,.T.);
#310=FACE_OUTER_BOUND('',#452,.T.);
#311=FACE_OUTER_BOUND('',#453,.T.);
#312=FACE_OUTER_BOUND('',#454,.T.);
#313=FACE_OUTER_BOUND('',#455,.T.);
#314=FACE_OUTER_BOUND('',#456,.T.);
#315=FACE_OUTER_BOUND('',#457,.T.);
#316=FACE_OUTER_BOUND('',#458,.T.);
#317=FACE_OUTER_BOUND('',#459,.T.);
#318=FACE_OUTER_BOUND('',#460,.T.);
#319=FACE_OUTER_BOUND('',#461,.T.);
#320=FACE_OUTER_BOUND('',#462,.T.);
#321=FACE_OUTER_BOUND('',#463,.T.);
#322=FACE_OUTER_BOUND('',#464,.T.);
#323=FACE_OUTER_BOUND('',#465,.T.);
#324=FACE_OUTER_BOUND('',#466,.T.);
#325=FACE_OUTER_BOUND('',#467,.T.);
#326=FACE_OUTER_BOUND('',#468,.T.);
#327=FACE_OUTER_BOUND('',#469,.T.);
#328=FACE_OUTER_BOUND('',#470,.T.);
#329=FACE_OUTER_BOUND('',#471,.T.);
#330=FACE_OUTER_BOUND('',#472,.T.);
#331=FACE_OUTER_BOUND('',#473,.T.);
#332=FACE_OUTER_BOUND('',#474,.T.);
#333=FACE_OUTER_BOUND('',#475,.T.);
#334=FACE_OUTER_BOUND('',#476,.T.);
#335=FACE_OUTER_BOUND('',#477,.T.);
#336=FACE_OUTER_BOUND('',#478,.T.);
#337=FACE_OUTER_BOUND('',#479,.T.);
#338=FACE_OUTER_BOUND('',#480,.T.);
#339=FACE_OUTER_BOUND('',#481,.T.);
#340=FACE_OUTER_BOUND('',#482,.T.);
#341=FACE_OUTER_BOUND('',#483,.T.);
#342=FACE_OUTER_BOUND('',#484,.T.);
#343=FACE_OUTER_BOUND('',#485,.T.);
#344=FACE_OUTER_BOUND('',#486,.T.);
#345=FACE_OUTER_BOUND('',#487,.T.);
#346=FACE_OUTER_BOUND('',#488,.T.);
#347=FACE_OUTER_BOUND('',#489,.T.);
#348=FACE_OUTER_BOUND('',#490,.T.);
#349=FACE_OUTER_BOUND('',#491,.T.);
#350=FACE_OUTER_BOUND('',#492,.T.);
#351=FACE_OUTER_BOUND('',#493,.T.);
#352=FACE_OUTER_BOUND('',#494,.T.);
#353=FACE_OUTER_BOUND('',#495,.T.);
#354=FACE_OUTER_BOUND('',#496,.T.);
#355=FACE_OUTER_BOUND('',#497,.T.);
#356=FACE_OUTER_BOUND('',#498,.T.);
#357=FACE_OUTER_BOUND('',#499,.T.);
#358=FACE_OUTER_BOUND('',#500,.T.);
#359=FACE_OUTER_BOUND('',#501,.T.);
#360=FACE_OUTER_BOUND('',#502,.T.);
#361=FACE_OUTER_BOUND('',#503,.T.);
#362=FACE_OUTER_BOUND('',#504,.T.);
#363=FACE_OUTER_BOUND('',#505,.T.);
#364=FACE_OUTER_BOUND('',#506,.T.);
#365=FACE_OUTER_BOUND('',#507,.T.);
#366=FACE_OUTER_BOUND('',#508,.T.);
#367=FACE_OUTER_BOUND('',#509,.T.);
#368=FACE_OUTER_BOUND('',#510,.T.);
#369=FACE_OUTER_BOUND('',#515,.T.);
#370=FACE_OUTER_BOUND('',#516,.T.);
#371=FACE_OUTER_BOUND('',#517,.T.);
#372=FACE_OUTER_BOUND('',#518,.T.);
#373=FACE_OUTER_BOUND('',#519,.T.);
#374=FACE_OUTER_BOUND('',#520,.T.);
#375=FACE_OUTER_BOUND('',#521,.T.);
#376=FACE_OUTER_BOUND('',#522,.T.);
#377=FACE_OUTER_BOUND('',#524,.T.);
#378=FACE_OUTER_BOUND('',#525,.T.);
#379=FACE_OUTER_BOUND('',#526,.T.);
#380=FACE_OUTER_BOUND('',#527,.T.);
#381=FACE_OUTER_BOUND('',#528,.T.);
#382=FACE_OUTER_BOUND('',#529,.T.);
#383=FACE_OUTER_BOUND('',#530,.T.);
#384=FACE_OUTER_BOUND('',#531,.T.);
#385=FACE_OUTER_BOUND('',#532,.T.);
#386=FACE_OUTER_BOUND('',#533,.T.);
#387=FACE_OUTER_BOUND('',#534,.T.);
#388=FACE_OUTER_BOUND('',#536,.T.);
#389=FACE_OUTER_BOUND('',#538,.T.);
#390=FACE_OUTER_BOUND('',#539,.T.);
#391=FACE_OUTER_BOUND('',#540,.T.);
#392=FACE_OUTER_BOUND('',#541,.T.);
#393=FACE_OUTER_BOUND('',#543,.T.);
#394=FACE_OUTER_BOUND('',#545,.T.);
#395=FACE_OUTER_BOUND('',#546,.T.);
#396=FACE_OUTER_BOUND('',#553,.T.);
#397=FACE_OUTER_BOUND('',#554,.T.);
#398=FACE_OUTER_BOUND('',#555,.T.);
#399=FACE_OUTER_BOUND('',#556,.T.);
#400=FACE_OUTER_BOUND('',#557,.T.);
#401=FACE_OUTER_BOUND('',#558,.T.);
#402=FACE_OUTER_BOUND('',#559,.T.);
#403=FACE_OUTER_BOUND('',#560,.T.);
#404=FACE_OUTER_BOUND('',#561,.T.);
#405=FACE_OUTER_BOUND('',#562,.T.);
#406=FACE_OUTER_BOUND('',#563,.T.);
#407=FACE_OUTER_BOUND('',#564,.T.);
#408=FACE_OUTER_BOUND('',#565,.T.);
#409=FACE_OUTER_BOUND('',#566,.T.);
#410=FACE_OUTER_BOUND('',#567,.T.);
#411=FACE_OUTER_BOUND('',#568,.T.);
#412=FACE_OUTER_BOUND('',#569,.T.);
#413=FACE_OUTER_BOUND('',#570,.T.);
#414=FACE_OUTER_BOUND('',#571,.T.);
#415=FACE_OUTER_BOUND('',#572,.T.);
#416=FACE_OUTER_BOUND('',#573,.T.);
#417=FACE_OUTER_BOUND('',#574,.T.);
#418=FACE_OUTER_BOUND('',#578,.T.);
#419=FACE_OUTER_BOUND('',#579,.T.);
#420=FACE_OUTER_BOUND('',#580,.T.);
#421=FACE_OUTER_BOUND('',#581,.T.);
#422=FACE_OUTER_BOUND('',#582,.T.);
#423=FACE_OUTER_BOUND('',#583,.T.);
#424=FACE_OUTER_BOUND('',#584,.T.);
#425=FACE_OUTER_BOUND('',#585,.T.);
#426=EDGE_LOOP('',(#586,#587));
#427=EDGE_LOOP('',(#588,#589));
#428=EDGE_LOOP('',(#590,#591,#592,#593));
#429=EDGE_LOOP('',(#594,#595,#596,#597));
#430=EDGE_LOOP('',(#598,#599,#600,#601));
#431=EDGE_LOOP('',(#602,#603,#604,#605));
#432=EDGE_LOOP('',(#606,#607));
#433=EDGE_LOOP('',(#608,#609));
#434=EDGE_LOOP('',(#610,#611,#612,#613));
#435=EDGE_LOOP('',(#614,#615));
#436=EDGE_LOOP('',(#616,#617));
#437=EDGE_LOOP('',(#618,#619));
#438=EDGE_LOOP('',(#620,#621));
#439=EDGE_LOOP('',(#622,#623,#624,#625));
#440=EDGE_LOOP('',(#626,#627,#628,#629));
#441=EDGE_LOOP('',(#630,#631,#632,#633));
#442=EDGE_LOOP('',(#634,#635,#636,#637));
#443=EDGE_LOOP('',(#638,#639));
#444=EDGE_LOOP('',(#640,#641));
#445=EDGE_LOOP('',(#642,#643,#644,#645));
#446=EDGE_LOOP('',(#646,#647,#648,#649));
#447=EDGE_LOOP('',(#650,#651));
#448=EDGE_LOOP('',(#652,#653));
#449=EDGE_LOOP('',(#654,#655));
#450=EDGE_LOOP('',(#656,#657));
#451=EDGE_LOOP('',(#658,#659,#660,#661));
#452=EDGE_LOOP('',(#662,#663,#664,#665));
#453=EDGE_LOOP('',(#666,#667,#668,#669));
#454=EDGE_LOOP('',(#670,#671,#672,#673));
#455=EDGE_LOOP('',(#674,#675));
#456=EDGE_LOOP('',(#676,#677));
#457=EDGE_LOOP('',(#678,#679,#680,#681));
#458=EDGE_LOOP('',(#682,#683,#684,#685));
#459=EDGE_LOOP('',(#686,#687,#688,#689));
#460=EDGE_LOOP('',(#690,#691,#692,#693));
#461=EDGE_LOOP('',(#694,#695,#696,#697));
#462=EDGE_LOOP('',(#698,#699,#700,#701,#702,#703,#704,#705));
#463=EDGE_LOOP('',(#706,#707,#708,#709,#710,#711,#712,#713));
#464=EDGE_LOOP('',(#714,#715,#716,#717));
#465=EDGE_LOOP('',(#718,#719,#720,#721));
#466=EDGE_LOOP('',(#722,#723,#724,#725));
#467=EDGE_LOOP('',(#726,#727,#728,#729));
#468=EDGE_LOOP('',(#730,#731,#732,#733));
#469=EDGE_LOOP('',(#734,#735,#736,#737));
#470=EDGE_LOOP('',(#738,#739,#740,#741));
#471=EDGE_LOOP('',(#742,#743,#744,#745));
#472=EDGE_LOOP('',(#746,#747,#748,#749));
#473=EDGE_LOOP('',(#750,#751,#752,#753));
#474=EDGE_LOOP('',(#754,#755,#756,#757));
#475=EDGE_LOOP('',(#758,#759,#760,#761));
#476=EDGE_LOOP('',(#762,#763,#764,#765));
#477=EDGE_LOOP('',(#766,#767,#768,#769));
#478=EDGE_LOOP('',(#770,#771,#772,#773,#774,#775,#776,#777));
#479=EDGE_LOOP('',(#778,#779,#780,#781,#782,#783,#784,#785));
#480=EDGE_LOOP('',(#786,#787,#788,#789));
#481=EDGE_LOOP('',(#790,#791,#792,#793));
#482=EDGE_LOOP('',(#794,#795,#796,#797));
#483=EDGE_LOOP('',(#798,#799,#800,#801));
#484=EDGE_LOOP('',(#802,#803,#804,#805));
#485=EDGE_LOOP('',(#806,#807,#808,#809));
#486=EDGE_LOOP('',(#810,#811,#812,#813));
#487=EDGE_LOOP('',(#814,#815,#816,#817));
#488=EDGE_LOOP('',(#818,#819,#820,#821));
#489=EDGE_LOOP('',(#822,#823,#824,#825));
#490=EDGE_LOOP('',(#826,#827,#828,#829));
#491=EDGE_LOOP('',(#830,#831,#832,#833));
#492=EDGE_LOOP('',(#834,#835,#836,#837));
#493=EDGE_LOOP('',(#838,#839,#840,#841));
#494=EDGE_LOOP('',(#842,#843,#844,#845,#846,#847,#848,#849));
#495=EDGE_LOOP('',(#850,#851,#852,#853,#854,#855,#856,#857));
#496=EDGE_LOOP('',(#858,#859,#860,#861));
#497=EDGE_LOOP('',(#862,#863,#864,#865));
#498=EDGE_LOOP('',(#866,#867,#868,#869));
#499=EDGE_LOOP('',(#870,#871,#872,#873));
#500=EDGE_LOOP('',(#874,#875,#876,#877));
#501=EDGE_LOOP('',(#878,#879,#880,#881));
#502=EDGE_LOOP('',(#882,#883,#884,#885));
#503=EDGE_LOOP('',(#886,#887,#888,#889));
#504=EDGE_LOOP('',(#890,#891,#892,#893));
#505=EDGE_LOOP('',(#894,#895,#896,#897));
#506=EDGE_LOOP('',(#898,#899,#900,#901));
#507=EDGE_LOOP('',(#902,#903));
#508=EDGE_LOOP('',(#904,#905,#906,#907));
#509=EDGE_LOOP('',(#908,#909));
#510=EDGE_LOOP('',(#910,#911));
#511=EDGE_LOOP('',(#912,#913));
#512=EDGE_LOOP('',(#914,#915));
#513=EDGE_LOOP('',(#916,#917));
#514=EDGE_LOOP('',(#918,#919));
#515=EDGE_LOOP('',(#920,#921,#922,#923));
#516=EDGE_LOOP('',(#924,#925));
#517=EDGE_LOOP('',(#926,#927,#928,#929));
#518=EDGE_LOOP('',(#930,#931));
#519=EDGE_LOOP('',(#932,#933,#934,#935));
#520=EDGE_LOOP('',(#936,#937));
#521=EDGE_LOOP('',(#938,#939,#940,#941));
#522=EDGE_LOOP('',(#942,#943));
#523=EDGE_LOOP('',(#944,#945));
#524=EDGE_LOOP('',(#946,#947,#948,#949));
#525=EDGE_LOOP('',(#950,#951,#952,#953));
#526=EDGE_LOOP('',(#954,#955,#956,#957));
#527=EDGE_LOOP('',(#958,#959,#960,#961));
#528=EDGE_LOOP('',(#962,#963,#964,#965));
#529=EDGE_LOOP('',(#966,#967,#968,#969));
#530=EDGE_LOOP('',(#970,#971,#972,#973));
#531=EDGE_LOOP('',(#974,#975,#976,#977));
#532=EDGE_LOOP('',(#978,#979,#980,#981));
#533=EDGE_LOOP('',(#982,#983,#984,#985));
#534=EDGE_LOOP('',(#986,#987));
#535=EDGE_LOOP('',(#988,#989));
#536=EDGE_LOOP('',(#990,#991));
#537=EDGE_LOOP('',(#992,#993));
#538=EDGE_LOOP('',(#994,#995,#996,#997));
#539=EDGE_LOOP('',(#998,#999,#1000,#1001));
#540=EDGE_LOOP('',(#1002,#1003,#1004,#1005));
#541=EDGE_LOOP('',(#1006,#1007));
#542=EDGE_LOOP('',(#1008,#1009,#1010,#1011,#1012,#1013));
#543=EDGE_LOOP('',(#1014,#1015));
#544=EDGE_LOOP('',(#1016,#1017));
#545=EDGE_LOOP('',(#1018,#1019,#1020,#1021));
#546=EDGE_LOOP('',(#1022,#1023));
#547=EDGE_LOOP('',(#1024,#1025,#1026,#1027,#1028,#1029));
#548=EDGE_LOOP('',(#1030,#1031,#1032,#1033,#1034,#1035));
#549=EDGE_LOOP('',(#1036,#1037,#1038,#1039,#1040,#1041));
#550=EDGE_LOOP('',(#1042,#1043));
#551=EDGE_LOOP('',(#1044,#1045));
#552=EDGE_LOOP('',(#1046,#1047));
#553=EDGE_LOOP('',(#1048,#1049,#1050,#1051,#1052,#1053,#1054,#1055));
#554=EDGE_LOOP('',(#1056,#1057,#1058,#1059));
#555=EDGE_LOOP('',(#1060,#1061,#1062,#1063));
#556=EDGE_LOOP('',(#1064,#1065,#1066,#1067));
#557=EDGE_LOOP('',(#1068,#1069,#1070,#1071));
#558=EDGE_LOOP('',(#1072,#1073,#1074,#1075));
#559=EDGE_LOOP('',(#1076,#1077,#1078,#1079));
#560=EDGE_LOOP('',(#1080,#1081,#1082,#1083,#1084,#1085,#1086,#1087));
#561=EDGE_LOOP('',(#1088,#1089,#1090,#1091));
#562=EDGE_LOOP('',(#1092,#1093,#1094,#1095));
#563=EDGE_LOOP('',(#1096,#1097,#1098,#1099));
#564=EDGE_LOOP('',(#1100,#1101,#1102,#1103));
#565=EDGE_LOOP('',(#1104,#1105,#1106,#1107));
#566=EDGE_LOOP('',(#1108,#1109,#1110,#1111,#1112,#1113,#1114,#1115));
#567=EDGE_LOOP('',(#1116,#1117,#1118,#1119));
#568=EDGE_LOOP('',(#1120,#1121,#1122,#1123));
#569=EDGE_LOOP('',(#1124,#1125,#1126,#1127));
#570=EDGE_LOOP('',(#1128,#1129,#1130,#1131));
#571=EDGE_LOOP('',(#1132,#1133,#1134,#1135));
#572=EDGE_LOOP('',(#1136,#1137,#1138,#1139));
#573=EDGE_LOOP('',(#1140,#1141,#1142,#1143));
#574=EDGE_LOOP('',(#1144,#1145,#1146,#1147,#1148,#1149,#1150,#1151,#1152,
#1153,#1154,#1155,#1156,#1157,#1158,#1159,#1160,#1161,#1162,#1163,#1164,
#1165,#1166,#1167));
#575=EDGE_LOOP('',(#1168,#1169));
#576=EDGE_LOOP('',(#1170,#1171));
#577=EDGE_LOOP('',(#1172,#1173));
#578=EDGE_LOOP('',(#1174,#1175,#1176,#1177));
#579=EDGE_LOOP('',(#1178,#1179,#1180,#1181));
#580=EDGE_LOOP('',(#1182,#1183,#1184,#1185));
#581=EDGE_LOOP('',(#1186,#1187,#1188,#1189));
#582=EDGE_LOOP('',(#1190,#1191,#1192,#1193));
#583=EDGE_LOOP('',(#1194,#1195,#1196,#1197));
#584=EDGE_LOOP('',(#1198,#1199,#1200,#1201));
#585=EDGE_LOOP('',(#1202,#1203,#1204,#1205));
#586=ORIENTED_EDGE('',*,*,#1206,.T.);
#587=ORIENTED_EDGE('',*,*,#1208,.F.);
#588=ORIENTED_EDGE('',*,*,#1209,.F.);
#589=ORIENTED_EDGE('',*,*,#1207,.F.);
#590=ORIENTED_EDGE('',*,*,#1212,.F.);
#591=ORIENTED_EDGE('',*,*,#1211,.F.);
#592=ORIENTED_EDGE('',*,*,#1210,.F.);
#593=ORIENTED_EDGE('',*,*,#1208,.T.);
#594=ORIENTED_EDGE('',*,*,#1210,.T.);
#595=ORIENTED_EDGE('',*,*,#1213,.F.);
#596=ORIENTED_EDGE('',*,*,#1212,.T.);
#597=ORIENTED_EDGE('',*,*,#1206,.F.);
#598=ORIENTED_EDGE('',*,*,#1216,.F.);
#599=ORIENTED_EDGE('',*,*,#1215,.F.);
#600=ORIENTED_EDGE('',*,*,#1214,.F.);
#601=ORIENTED_EDGE('',*,*,#1207,.T.);
#602=ORIENTED_EDGE('',*,*,#1214,.T.);
#603=ORIENTED_EDGE('',*,*,#1217,.F.);
#604=ORIENTED_EDGE('',*,*,#1216,.T.);
#605=ORIENTED_EDGE('',*,*,#1209,.T.);
#606=ORIENTED_EDGE('',*,*,#1211,.T.);
#607=ORIENTED_EDGE('',*,*,#1213,.T.);
#608=ORIENTED_EDGE('',*,*,#1215,.T.);
#609=ORIENTED_EDGE('',*,*,#1217,.T.);
#610=ORIENTED_EDGE('',*,*,#1218,.T.);
#611=ORIENTED_EDGE('',*,*,#1219,.T.);
#612=ORIENTED_EDGE('',*,*,#1220,.T.);
#613=ORIENTED_EDGE('',*,*,#1221,.T.);
#614=ORIENTED_EDGE('',*,*,#1226,.T.);
#615=ORIENTED_EDGE('',*,*,#1221,.F.);
#616=ORIENTED_EDGE('',*,*,#1229,.T.);
#617=ORIENTED_EDGE('',*,*,#1222,.T.);
#618=ORIENTED_EDGE('',*,*,#1219,.F.);
#619=ORIENTED_EDGE('',*,*,#1227,.T.);
#620=ORIENTED_EDGE('',*,*,#1224,.T.);
#621=ORIENTED_EDGE('',*,*,#1228,.T.);
#622=ORIENTED_EDGE('',*,*,#1223,.F.);
#623=ORIENTED_EDGE('',*,*,#1224,.F.);
#624=ORIENTED_EDGE('',*,*,#1225,.F.);
#625=ORIENTED_EDGE('',*,*,#1222,.F.);
#626=ORIENTED_EDGE('',*,*,#1226,.F.);
#627=ORIENTED_EDGE('',*,*,#1220,.F.);
#628=ORIENTED_EDGE('',*,*,#1227,.F.);
#629=ORIENTED_EDGE('',*,*,#1218,.F.);
#630=ORIENTED_EDGE('',*,*,#1228,.F.);
#631=ORIENTED_EDGE('',*,*,#1223,.T.);
#632=ORIENTED_EDGE('',*,*,#1229,.F.);
#633=ORIENTED_EDGE('',*,*,#1225,.T.);
#634=ORIENTED_EDGE('',*,*,#1233,.T.);
#635=ORIENTED_EDGE('',*,*,#1232,.F.);
#636=ORIENTED_EDGE('',*,*,#1231,.F.);
#637=ORIENTED_EDGE('',*,*,#1230,.T.);
#638=ORIENTED_EDGE('',*,*,#1234,.F.);
#639=ORIENTED_EDGE('',*,*,#1230,.F.);
#640=ORIENTED_EDGE('',*,*,#1232,.T.);
#641=ORIENTED_EDGE('',*,*,#1235,.T.);
#642=ORIENTED_EDGE('',*,*,#1234,.T.);
#643=ORIENTED_EDGE('',*,*,#1231,.T.);
#644=ORIENTED_EDGE('',*,*,#1235,.F.);
#645=ORIENTED_EDGE('',*,*,#1233,.F.);
#646=ORIENTED_EDGE('',*,*,#1242,.T.);
#647=ORIENTED_EDGE('',*,*,#1238,.F.);
#648=ORIENTED_EDGE('',*,*,#1237,.F.);
#649=ORIENTED_EDGE('',*,*,#1236,.T.);
#650=ORIENTED_EDGE('',*,*,#1243,.F.);
#651=ORIENTED_EDGE('',*,*,#1236,.F.);
#652=ORIENTED_EDGE('',*,*,#1246,.F.);
#653=ORIENTED_EDGE('',*,*,#1239,.F.);
#654=ORIENTED_EDGE('',*,*,#1238,.T.);
#655=ORIENTED_EDGE('',*,*,#1244,.T.);
#656=ORIENTED_EDGE('',*,*,#1240,.T.);
#657=ORIENTED_EDGE('',*,*,#1247,.T.);
#658=ORIENTED_EDGE('',*,*,#1246,.T.);
#659=ORIENTED_EDGE('',*,*,#1241,.T.);
#660=ORIENTED_EDGE('',*,*,#1247,.F.);
#661=ORIENTED_EDGE('',*,*,#1245,.F.);
#662=ORIENTED_EDGE('',*,*,#1243,.T.);
#663=ORIENTED_EDGE('',*,*,#1237,.T.);
#664=ORIENTED_EDGE('',*,*,#1244,.F.);
#665=ORIENTED_EDGE('',*,*,#1242,.F.);
#666=ORIENTED_EDGE('',*,*,#1245,.T.);
#667=ORIENTED_EDGE('',*,*,#1240,.F.);
#668=ORIENTED_EDGE('',*,*,#1241,.F.);
#669=ORIENTED_EDGE('',*,*,#1239,.T.);
#670=ORIENTED_EDGE('',*,*,#1248,.T.);
#671=ORIENTED_EDGE('',*,*,#1249,.T.);
#672=ORIENTED_EDGE('',*,*,#1250,.T.);
#673=ORIENTED_EDGE('',*,*,#1251,.T.);
#674=ORIENTED_EDGE('',*,*,#1252,.F.);
#675=ORIENTED_EDGE('',*,*,#1251,.F.);
#676=ORIENTED_EDGE('',*,*,#1249,.F.);
#677=ORIENTED_EDGE('',*,*,#1253,.F.);
#678=ORIENTED_EDGE('',*,*,#1252,.T.);
#679=ORIENTED_EDGE('',*,*,#1250,.F.);
#680=ORIENTED_EDGE('',*,*,#1253,.T.);
#681=ORIENTED_EDGE('',*,*,#1248,.F.);
#682=ORIENTED_EDGE('',*,*,#1254,.T.);
#683=ORIENTED_EDGE('',*,*,#1255,.T.);
#684=ORIENTED_EDGE('',*,*,#1256,.T.);
#685=ORIENTED_EDGE('',*,*,#1257,.T.);
#686=ORIENTED_EDGE('',*,*,#1258,.T.);
#687=ORIENTED_EDGE('',*,*,#1259,.T.);
#688=ORIENTED_EDGE('',*,*,#1260,.T.);
#689=ORIENTED_EDGE('',*,*,#1261,.T.);
#690=ORIENTED_EDGE('',*,*,#1262,.T.);
#691=ORIENTED_EDGE('',*,*,#1263,.T.);
#692=ORIENTED_EDGE('',*,*,#1264,.T.);
#693=ORIENTED_EDGE('',*,*,#1265,.T.);
#694=ORIENTED_EDGE('',*,*,#1266,.T.);
#695=ORIENTED_EDGE('',*,*,#1267,.T.);
#696=ORIENTED_EDGE('',*,*,#1268,.T.);
#697=ORIENTED_EDGE('',*,*,#1269,.T.);
#698=ORIENTED_EDGE('',*,*,#1276,.T.);
#699=ORIENTED_EDGE('',*,*,#1263,.F.);
#700=ORIENTED_EDGE('',*,*,#1274,.T.);
#701=ORIENTED_EDGE('',*,*,#1259,.F.);
#702=ORIENTED_EDGE('',*,*,#1270,.T.);
#703=ORIENTED_EDGE('',*,*,#1256,.F.);
#704=ORIENTED_EDGE('',*,*,#1273,.T.);
#705=ORIENTED_EDGE('',*,*,#1267,.F.);
#706=ORIENTED_EDGE('',*,*,#1269,.F.);
#707=ORIENTED_EDGE('',*,*,#1272,.T.);
#708=ORIENTED_EDGE('',*,*,#1254,.F.);
#709=ORIENTED_EDGE('',*,*,#1271,.T.);
#710=ORIENTED_EDGE('',*,*,#1261,.F.);
#711=ORIENTED_EDGE('',*,*,#1275,.T.);
#712=ORIENTED_EDGE('',*,*,#1265,.F.);
#713=ORIENTED_EDGE('',*,*,#1277,.T.);
#714=ORIENTED_EDGE('',*,*,#1257,.F.);
#715=ORIENTED_EDGE('',*,*,#1270,.F.);
#716=ORIENTED_EDGE('',*,*,#1258,.F.);
#717=ORIENTED_EDGE('',*,*,#1271,.F.);
#718=ORIENTED_EDGE('',*,*,#1255,.F.);
#719=ORIENTED_EDGE('',*,*,#1272,.F.);
#720=ORIENTED_EDGE('',*,*,#1268,.F.);
#721=ORIENTED_EDGE('',*,*,#1273,.F.);
#722=ORIENTED_EDGE('',*,*,#1260,.F.);
#723=ORIENTED_EDGE('',*,*,#1274,.F.);
#724=ORIENTED_EDGE('',*,*,#1262,.F.);
#725=ORIENTED_EDGE('',*,*,#1275,.F.);
#726=ORIENTED_EDGE('',*,*,#1264,.F.);
#727=ORIENTED_EDGE('',*,*,#1276,.F.);
#728=ORIENTED_EDGE('',*,*,#1266,.F.);
#729=ORIENTED_EDGE('',*,*,#1277,.F.);
#730=ORIENTED_EDGE('',*,*,#1278,.T.);
#731=ORIENTED_EDGE('',*,*,#1279,.T.);
#732=ORIENTED_EDGE('',*,*,#1280,.T.);
#733=ORIENTED_EDGE('',*,*,#1281,.T.);
#734=ORIENTED_EDGE('',*,*,#1282,.T.);
#735=ORIENTED_EDGE('',*,*,#1283,.T.);
#736=ORIENTED_EDGE('',*,*,#1284,.T.);
#737=ORIENTED_EDGE('',*,*,#1279,.F.);
#738=ORIENTED_EDGE('',*,*,#1285,.T.);
#739=ORIENTED_EDGE('',*,*,#1286,.T.);
#740=ORIENTED_EDGE('',*,*,#1287,.T.);
#741=ORIENTED_EDGE('',*,*,#1283,.F.);
#742=ORIENTED_EDGE('',*,*,#1288,.T.);
#743=ORIENTED_EDGE('',*,*,#1281,.F.);
#744=ORIENTED_EDGE('',*,*,#1289,.T.);
#745=ORIENTED_EDGE('',*,*,#1286,.F.);
#746=ORIENTED_EDGE('',*,*,#1288,.F.);
#747=ORIENTED_EDGE('',*,*,#1285,.F.);
#748=ORIENTED_EDGE('',*,*,#1282,.F.);
#749=ORIENTED_EDGE('',*,*,#1278,.F.);
#750=ORIENTED_EDGE('',*,*,#1280,.F.);
#751=ORIENTED_EDGE('',*,*,#1284,.F.);
#752=ORIENTED_EDGE('',*,*,#1287,.F.);
#753=ORIENTED_EDGE('',*,*,#1289,.F.);
#754=ORIENTED_EDGE('',*,*,#1290,.T.);
#755=ORIENTED_EDGE('',*,*,#1291,.T.);
#756=ORIENTED_EDGE('',*,*,#1292,.T.);
#757=ORIENTED_EDGE('',*,*,#1293,.T.);
#758=ORIENTED_EDGE('',*,*,#1294,.T.);
#759=ORIENTED_EDGE('',*,*,#1295,.T.);
#760=ORIENTED_EDGE('',*,*,#1296,.T.);
#761=ORIENTED_EDGE('',*,*,#1297,.T.);
#762=ORIENTED_EDGE('',*,*,#1298,.T.);
#763=ORIENTED_EDGE('',*,*,#1299,.T.);
#764=ORIENTED_EDGE('',*,*,#1300,.T.);
#765=ORIENTED_EDGE('',*,*,#1301,.T.);
#766=ORIENTED_EDGE('',*,*,#1302,.T.);
#767=ORIENTED_EDGE('',*,*,#1303,.T.);
#768=ORIENTED_EDGE('',*,*,#1304,.T.);
#769=ORIENTED_EDGE('',*,*,#1305,.T.);
#770=ORIENTED_EDGE('',*,*,#1312,.T.);
#771=ORIENTED_EDGE('',*,*,#1299,.F.);
#772=ORIENTED_EDGE('',*,*,#1310,.T.);
#773=ORIENTED_EDGE('',*,*,#1295,.F.);
#774=ORIENTED_EDGE('',*,*,#1306,.T.);
#775=ORIENTED_EDGE('',*,*,#1292,.F.);
#776=ORIENTED_EDGE('',*,*,#1309,.T.);
#777=ORIENTED_EDGE('',*,*,#1303,.F.);
#778=ORIENTED_EDGE('',*,*,#1305,.F.);
#779=ORIENTED_EDGE('',*,*,#1308,.T.);
#780=ORIENTED_EDGE('',*,*,#1290,.F.);
#781=ORIENTED_EDGE('',*,*,#1307,.T.);
#782=ORIENTED_EDGE('',*,*,#1297,.F.);
#783=ORIENTED_EDGE('',*,*,#1311,.T.);
#784=ORIENTED_EDGE('',*,*,#1301,.F.);
#785=ORIENTED_EDGE('',*,*,#1313,.T.);
#786=ORIENTED_EDGE('',*,*,#1293,.F.);
#787=ORIENTED_EDGE('',*,*,#1306,.F.);
#788=ORIENTED_EDGE('',*,*,#1294,.F.);
#789=ORIENTED_EDGE('',*,*,#1307,.F.);
#790=ORIENTED_EDGE('',*,*,#1291,.F.);
#791=ORIENTED_EDGE('',*,*,#1308,.F.);
#792=ORIENTED_EDGE('',*,*,#1304,.F.);
#793=ORIENTED_EDGE('',*,*,#1309,.F.);
#794=ORIENTED_EDGE('',*,*,#1296,.F.);
#795=ORIENTED_EDGE('',*,*,#1310,.F.);
#796=ORIENTED_EDGE('',*,*,#1298,.F.);
#797=ORIENTED_EDGE('',*,*,#1311,.F.);
#798=ORIENTED_EDGE('',*,*,#1300,.F.);
#799=ORIENTED_EDGE('',*,*,#1312,.F.);
#800=ORIENTED_EDGE('',*,*,#1302,.F.);
#801=ORIENTED_EDGE('',*,*,#1313,.F.);
#802=ORIENTED_EDGE('',*,*,#1314,.T.);
#803=ORIENTED_EDGE('',*,*,#1315,.T.);
#804=ORIENTED_EDGE('',*,*,#1316,.T.);
#805=ORIENTED_EDGE('',*,*,#1317,.T.);
#806=ORIENTED_EDGE('',*,*,#1318,.T.);
#807=ORIENTED_EDGE('',*,*,#1319,.T.);
#808=ORIENTED_EDGE('',*,*,#1320,.T.);
#809=ORIENTED_EDGE('',*,*,#1315,.F.);
#810=ORIENTED_EDGE('',*,*,#1321,.T.);
#811=ORIENTED_EDGE('',*,*,#1322,.T.);
#812=ORIENTED_EDGE('',*,*,#1323,.T.);
#813=ORIENTED_EDGE('',*,*,#1319,.F.);
#814=ORIENTED_EDGE('',*,*,#1324,.T.);
#815=ORIENTED_EDGE('',*,*,#1317,.F.);
#816=ORIENTED_EDGE('',*,*,#1325,.T.);
#817=ORIENTED_EDGE('',*,*,#1322,.F.);
#818=ORIENTED_EDGE('',*,*,#1324,.F.);
#819=ORIENTED_EDGE('',*,*,#1321,.F.);
#820=ORIENTED_EDGE('',*,*,#1318,.F.);
#821=ORIENTED_EDGE('',*,*,#1314,.F.);
#822=ORIENTED_EDGE('',*,*,#1316,.F.);
#823=ORIENTED_EDGE('',*,*,#1320,.F.);
#824=ORIENTED_EDGE('',*,*,#1323,.F.);
#825=ORIENTED_EDGE('',*,*,#1325,.F.);
#826=ORIENTED_EDGE('',*,*,#1326,.T.);
#827=ORIENTED_EDGE('',*,*,#1327,.T.);
#828=ORIENTED_EDGE('',*,*,#1328,.T.);
#829=ORIENTED_EDGE('',*,*,#1329,.T.);
#830=ORIENTED_EDGE('',*,*,#1330,.T.);
#831=ORIENTED_EDGE('',*,*,#1331,.T.);
#832=ORIENTED_EDGE('',*,*,#1332,.T.);
#833=ORIENTED_EDGE('',*,*,#1333,.T.);
#834=ORIENTED_EDGE('',*,*,#1334,.T.);
#835=ORIENTED_EDGE('',*,*,#1335,.T.);
#836=ORIENTED_EDGE('',*,*,#1336,.T.);
#837=ORIENTED_EDGE('',*,*,#1337,.T.);
#838=ORIENTED_EDGE('',*,*,#1338,.T.);
#839=ORIENTED_EDGE('',*,*,#1339,.T.);
#840=ORIENTED_EDGE('',*,*,#1340,.T.);
#841=ORIENTED_EDGE('',*,*,#1341,.T.);
#842=ORIENTED_EDGE('',*,*,#1348,.T.);
#843=ORIENTED_EDGE('',*,*,#1335,.F.);
#844=ORIENTED_EDGE('',*,*,#1346,.T.);
#845=ORIENTED_EDGE('',*,*,#1331,.F.);
#846=ORIENTED_EDGE('',*,*,#1342,.T.);
#847=ORIENTED_EDGE('',*,*,#1328,.F.);
#848=ORIENTED_EDGE('',*,*,#1345,.T.);
#849=ORIENTED_EDGE('',*,*,#1339,.F.);
#850=ORIENTED_EDGE('',*,*,#1341,.F.);
#851=ORIENTED_EDGE('',*,*,#1344,.T.);
#852=ORIENTED_EDGE('',*,*,#1326,.F.);
#853=ORIENTED_EDGE('',*,*,#1343,.T.);
#854=ORIENTED_EDGE('',*,*,#1333,.F.);
#855=ORIENTED_EDGE('',*,*,#1347,.T.);
#856=ORIENTED_EDGE('',*,*,#1337,.F.);
#857=ORIENTED_EDGE('',*,*,#1349,.T.);
#858=ORIENTED_EDGE('',*,*,#1329,.F.);
#859=ORIENTED_EDGE('',*,*,#1342,.F.);
#860=ORIENTED_EDGE('',*,*,#1330,.F.);
#861=ORIENTED_EDGE('',*,*,#1343,.F.);
#862=ORIENTED_EDGE('',*,*,#1327,.F.);
#863=ORIENTED_EDGE('',*,*,#1344,.F.);
#864=ORIENTED_EDGE('',*,*,#1340,.F.);
#865=ORIENTED_EDGE('',*,*,#1345,.F.);
#866=ORIENTED_EDGE('',*,*,#1332,.F.);
#867=ORIENTED_EDGE('',*,*,#1346,.F.);
#868=ORIENTED_EDGE('',*,*,#1334,.F.);
#869=ORIENTED_EDGE('',*,*,#1347,.F.);
#870=ORIENTED_EDGE('',*,*,#1336,.F.);
#871=ORIENTED_EDGE('',*,*,#1348,.F.);
#872=ORIENTED_EDGE('',*,*,#1338,.F.);
#873=ORIENTED_EDGE('',*,*,#1349,.F.);
#874=ORIENTED_EDGE('',*,*,#1350,.T.);
#875=ORIENTED_EDGE('',*,*,#1351,.T.);
#876=ORIENTED_EDGE('',*,*,#1352,.T.);
#877=ORIENTED_EDGE('',*,*,#1353,.T.);
#878=ORIENTED_EDGE('',*,*,#1354,.T.);
#879=ORIENTED_EDGE('',*,*,#1355,.T.);
#880=ORIENTED_EDGE('',*,*,#1356,.T.);
#881=ORIENTED_EDGE('',*,*,#1351,.F.);
#882=ORIENTED_EDGE('',*,*,#1357,.T.);
#883=ORIENTED_EDGE('',*,*,#1358,.T.);
#884=ORIENTED_EDGE('',*,*,#1359,.T.);
#885=ORIENTED_EDGE('',*,*,#1355,.F.);
#886=ORIENTED_EDGE('',*,*,#1360,.T.);
#887=ORIENTED_EDGE('',*,*,#1353,.F.);
#888=ORIENTED_EDGE('',*,*,#1361,.T.);
#889=ORIENTED_EDGE('',*,*,#1358,.F.);
#890=ORIENTED_EDGE('',*,*,#1360,.F.);
#891=ORIENTED_EDGE('',*,*,#1357,.F.);
#892=ORIENTED_EDGE('',*,*,#1354,.F.);
#893=ORIENTED_EDGE('',*,*,#1350,.F.);
#894=ORIENTED_EDGE('',*,*,#1352,.F.);
#895=ORIENTED_EDGE('',*,*,#1356,.F.);
#896=ORIENTED_EDGE('',*,*,#1359,.F.);
#897=ORIENTED_EDGE('',*,*,#1361,.F.);
#898=ORIENTED_EDGE('',*,*,#1362,.T.);
#899=ORIENTED_EDGE('',*,*,#1363,.T.);
#900=ORIENTED_EDGE('',*,*,#1364,.T.);
#901=ORIENTED_EDGE('',*,*,#1365,.T.);
#902=ORIENTED_EDGE('',*,*,#1363,.F.);
#903=ORIENTED_EDGE('',*,*,#1390,.T.);
#904=ORIENTED_EDGE('',*,*,#1366,.T.);
#905=ORIENTED_EDGE('',*,*,#1367,.T.);
#906=ORIENTED_EDGE('',*,*,#1368,.T.);
#907=ORIENTED_EDGE('',*,*,#1369,.T.);
#908=ORIENTED_EDGE('',*,*,#1399,.T.);
#909=ORIENTED_EDGE('',*,*,#1384,.T.);
#910=ORIENTED_EDGE('',*,*,#1387,.T.);
#911=ORIENTED_EDGE('',*,*,#1401,.T.);
#912=ORIENTED_EDGE('',*,*,#1394,.T.);
#913=ORIENTED_EDGE('',*,*,#1370,.T.);
#914=ORIENTED_EDGE('',*,*,#1396,.T.);
#915=ORIENTED_EDGE('',*,*,#1374,.T.);
#916=ORIENTED_EDGE('',*,*,#1398,.T.);
#917=ORIENTED_EDGE('',*,*,#1378,.T.);
#918=ORIENTED_EDGE('',*,*,#1400,.T.);
#919=ORIENTED_EDGE('',*,*,#1382,.T.);
#920=ORIENTED_EDGE('',*,*,#1371,.F.);
#921=ORIENTED_EDGE('',*,*,#1372,.F.);
#922=ORIENTED_EDGE('',*,*,#1373,.F.);
#923=ORIENTED_EDGE('',*,*,#1370,.F.);
#924=ORIENTED_EDGE('',*,*,#1393,.T.);
#925=ORIENTED_EDGE('',*,*,#1372,.T.);
#926=ORIENTED_EDGE('',*,*,#1375,.F.);
#927=ORIENTED_EDGE('',*,*,#1376,.F.);
#928=ORIENTED_EDGE('',*,*,#1377,.F.);
#929=ORIENTED_EDGE('',*,*,#1374,.F.);
#930=ORIENTED_EDGE('',*,*,#1395,.T.);
#931=ORIENTED_EDGE('',*,*,#1376,.T.);
#932=ORIENTED_EDGE('',*,*,#1379,.F.);
#933=ORIENTED_EDGE('',*,*,#1380,.F.);
#934=ORIENTED_EDGE('',*,*,#1381,.F.);
#935=ORIENTED_EDGE('',*,*,#1378,.F.);
#936=ORIENTED_EDGE('',*,*,#1397,.T.);
#937=ORIENTED_EDGE('',*,*,#1380,.T.);
#938=ORIENTED_EDGE('',*,*,#1383,.F.);
#939=ORIENTED_EDGE('',*,*,#1384,.F.);
#940=ORIENTED_EDGE('',*,*,#1385,.F.);
#941=ORIENTED_EDGE('',*,*,#1382,.F.);
#942=ORIENTED_EDGE('',*,*,#1391,.T.);
#943=ORIENTED_EDGE('',*,*,#1369,.F.);
#944=ORIENTED_EDGE('',*,*,#1365,.F.);
#945=ORIENTED_EDGE('',*,*,#1389,.T.);
#946=ORIENTED_EDGE('',*,*,#1367,.F.);
#947=ORIENTED_EDGE('',*,*,#1386,.T.);
#948=ORIENTED_EDGE('',*,*,#1387,.F.);
#949=ORIENTED_EDGE('',*,*,#1388,.T.);
#950=ORIENTED_EDGE('',*,*,#1389,.F.);
#951=ORIENTED_EDGE('',*,*,#1364,.F.);
#952=ORIENTED_EDGE('',*,*,#1390,.F.);
#953=ORIENTED_EDGE('',*,*,#1362,.F.);
#954=ORIENTED_EDGE('',*,*,#1391,.F.);
#955=ORIENTED_EDGE('',*,*,#1368,.F.);
#956=ORIENTED_EDGE('',*,*,#1392,.T.);
#957=ORIENTED_EDGE('',*,*,#1366,.F.);
#958=ORIENTED_EDGE('',*,*,#1393,.F.);
#959=ORIENTED_EDGE('',*,*,#1371,.T.);
#960=ORIENTED_EDGE('',*,*,#1394,.F.);
#961=ORIENTED_EDGE('',*,*,#1373,.T.);
#962=ORIENTED_EDGE('',*,*,#1395,.F.);
#963=ORIENTED_EDGE('',*,*,#1375,.T.);
#964=ORIENTED_EDGE('',*,*,#1396,.F.);
#965=ORIENTED_EDGE('',*,*,#1377,.T.);
#966=ORIENTED_EDGE('',*,*,#1397,.F.);
#967=ORIENTED_EDGE('',*,*,#1379,.T.);
#968=ORIENTED_EDGE('',*,*,#1398,.F.);
#969=ORIENTED_EDGE('',*,*,#1381,.T.);
#970=ORIENTED_EDGE('',*,*,#1399,.F.);
#971=ORIENTED_EDGE('',*,*,#1383,.T.);
#972=ORIENTED_EDGE('',*,*,#1400,.F.);
#973=ORIENTED_EDGE('',*,*,#1385,.T.);
#974=ORIENTED_EDGE('',*,*,#1392,.F.);
#975=ORIENTED_EDGE('',*,*,#1388,.F.);
#976=ORIENTED_EDGE('',*,*,#1401,.F.);
#977=ORIENTED_EDGE('',*,*,#1386,.F.);
#978=ORIENTED_EDGE('',*,*,#1402,.T.);
#979=ORIENTED_EDGE('',*,*,#1403,.T.);
#980=ORIENTED_EDGE('',*,*,#1404,.T.);
#981=ORIENTED_EDGE('',*,*,#1405,.T.);
#982=ORIENTED_EDGE('',*,*,#1407,.F.);
#983=ORIENTED_EDGE('',*,*,#1408,.F.);
#984=ORIENTED_EDGE('',*,*,#1409,.F.);
#985=ORIENTED_EDGE('',*,*,#1406,.F.);
#986=ORIENTED_EDGE('',*,*,#1410,.T.);
#987=ORIENTED_EDGE('',*,*,#1405,.F.);
#988=ORIENTED_EDGE('',*,*,#1409,.T.);
#989=ORIENTED_EDGE('',*,*,#1412,.T.);
#990=ORIENTED_EDGE('',*,*,#1403,.F.);
#991=ORIENTED_EDGE('',*,*,#1411,.T.);
#992=ORIENTED_EDGE('',*,*,#1413,.T.);
#993=ORIENTED_EDGE('',*,*,#1407,.T.);
#994=ORIENTED_EDGE('',*,*,#1410,.F.);
#995=ORIENTED_EDGE('',*,*,#1404,.F.);
#996=ORIENTED_EDGE('',*,*,#1411,.F.);
#997=ORIENTED_EDGE('',*,*,#1402,.F.);
#998=ORIENTED_EDGE('',*,*,#1408,.T.);
#999=ORIENTED_EDGE('',*,*,#1413,.F.);
#1000=ORIENTED_EDGE('',*,*,#1406,.T.);
#1001=ORIENTED_EDGE('',*,*,#1412,.F.);
#1002=ORIENTED_EDGE('',*,*,#1414,.T.);
#1003=ORIENTED_EDGE('',*,*,#1415,.T.);
#1004=ORIENTED_EDGE('',*,*,#1416,.T.);
#1005=ORIENTED_EDGE('',*,*,#1417,.T.);
#1006=ORIENTED_EDGE('',*,*,#1502,.T.);
#1007=ORIENTED_EDGE('',*,*,#1417,.F.);
#1008=ORIENTED_EDGE('',*,*,#1486,.T.);
#1009=ORIENTED_EDGE('',*,*,#1472,.T.);
#1010=ORIENTED_EDGE('',*,*,#1488,.T.);
#1011=ORIENTED_EDGE('',*,*,#1432,.T.);
#1012=ORIENTED_EDGE('',*,*,#1491,.T.);
#1013=ORIENTED_EDGE('',*,*,#1454,.T.);
#1014=ORIENTED_EDGE('',*,*,#1415,.F.);
#1015=ORIENTED_EDGE('',*,*,#1503,.T.);
#1016=ORIENTED_EDGE('',*,*,#1421,.T.);
#1017=ORIENTED_EDGE('',*,*,#1504,.T.);
#1018=ORIENTED_EDGE('',*,*,#1418,.T.);
#1019=ORIENTED_EDGE('',*,*,#1419,.T.);
#1020=ORIENTED_EDGE('',*,*,#1420,.T.);
#1021=ORIENTED_EDGE('',*,*,#1421,.F.);
#1022=ORIENTED_EDGE('',*,*,#1419,.F.);
#1023=ORIENTED_EDGE('',*,*,#1505,.T.);
#1024=ORIENTED_EDGE('',*,*,#1437,.T.);
#1025=ORIENTED_EDGE('',*,*,#1428,.T.);
#1026=ORIENTED_EDGE('',*,*,#1422,.T.);
#1027=ORIENTED_EDGE('',*,*,#1423,.T.);
#1028=ORIENTED_EDGE('',*,*,#1443,.T.);
#1029=ORIENTED_EDGE('',*,*,#1440,.T.);
#1030=ORIENTED_EDGE('',*,*,#1457,.T.);
#1031=ORIENTED_EDGE('',*,*,#1450,.T.);
#1032=ORIENTED_EDGE('',*,*,#1447,.T.);
#1033=ORIENTED_EDGE('',*,*,#1466,.T.);
#1034=ORIENTED_EDGE('',*,*,#1463,.T.);
#1035=ORIENTED_EDGE('',*,*,#1460,.T.);
#1036=ORIENTED_EDGE('',*,*,#1425,.T.);
#1037=ORIENTED_EDGE('',*,*,#1475,.T.);
#1038=ORIENTED_EDGE('',*,*,#1469,.T.);
#1039=ORIENTED_EDGE('',*,*,#1485,.T.);
#1040=ORIENTED_EDGE('',*,*,#1482,.T.);
#1041=ORIENTED_EDGE('',*,*,#1424,.T.);
#1042=ORIENTED_EDGE('',*,*,#1507,.T.);
#1043=ORIENTED_EDGE('',*,*,#1494,.T.);
#1044=ORIENTED_EDGE('',*,*,#1509,.T.);
#1045=ORIENTED_EDGE('',*,*,#1498,.T.);
#1046=ORIENTED_EDGE('',*,*,#1514,.T.);
#1047=ORIENTED_EDGE('',*,*,#1513,.T.);
#1048=ORIENTED_EDGE('',*,*,#1426,.T.);
#1049=ORIENTED_EDGE('',*,*,#1427,.T.);
#1050=ORIENTED_EDGE('',*,*,#1428,.F.);
#1051=ORIENTED_EDGE('',*,*,#1429,.T.);
#1052=ORIENTED_EDGE('',*,*,#1430,.T.);
#1053=ORIENTED_EDGE('',*,*,#1431,.T.);
#1054=ORIENTED_EDGE('',*,*,#1432,.F.);
#1055=ORIENTED_EDGE('',*,*,#1433,.T.);
#1056=ORIENTED_EDGE('',*,*,#1434,.T.);
#1057=ORIENTED_EDGE('',*,*,#1435,.T.);
#1058=ORIENTED_EDGE('',*,*,#1422,.F.);
#1059=ORIENTED_EDGE('',*,*,#1427,.F.);
#1060=ORIENTED_EDGE('',*,*,#1436,.T.);
#1061=ORIENTED_EDGE('',*,*,#1429,.F.);
#1062=ORIENTED_EDGE('',*,*,#1437,.F.);
#1063=ORIENTED_EDGE('',*,*,#1438,.T.);
#1064=ORIENTED_EDGE('',*,*,#1438,.F.);
#1065=ORIENTED_EDGE('',*,*,#1440,.F.);
#1066=ORIENTED_EDGE('',*,*,#1441,.F.);
#1067=ORIENTED_EDGE('',*,*,#1439,.F.);
#1068=ORIENTED_EDGE('',*,*,#1442,.T.);
#1069=ORIENTED_EDGE('',*,*,#1441,.T.);
#1070=ORIENTED_EDGE('',*,*,#1443,.F.);
#1071=ORIENTED_EDGE('',*,*,#1444,.T.);
#1072=ORIENTED_EDGE('',*,*,#1444,.F.);
#1073=ORIENTED_EDGE('',*,*,#1423,.F.);
#1074=ORIENTED_EDGE('',*,*,#1435,.F.);
#1075=ORIENTED_EDGE('',*,*,#1492,.F.);
#1076=ORIENTED_EDGE('',*,*,#1445,.T.);
#1077=ORIENTED_EDGE('',*,*,#1446,.T.);
#1078=ORIENTED_EDGE('',*,*,#1447,.F.);
#1079=ORIENTED_EDGE('',*,*,#1448,.T.);
#1080=ORIENTED_EDGE('',*,*,#1449,.T.);
#1081=ORIENTED_EDGE('',*,*,#1448,.F.);
#1082=ORIENTED_EDGE('',*,*,#1450,.F.);
#1083=ORIENTED_EDGE('',*,*,#1451,.T.);
#1084=ORIENTED_EDGE('',*,*,#1452,.T.);
#1085=ORIENTED_EDGE('',*,*,#1453,.T.);
#1086=ORIENTED_EDGE('',*,*,#1454,.F.);
#1087=ORIENTED_EDGE('',*,*,#1455,.T.);
#1088=ORIENTED_EDGE('',*,*,#1456,.T.);
#1089=ORIENTED_EDGE('',*,*,#1451,.F.);
#1090=ORIENTED_EDGE('',*,*,#1457,.F.);
#1091=ORIENTED_EDGE('',*,*,#1458,.T.);
#1092=ORIENTED_EDGE('',*,*,#1458,.F.);
#1093=ORIENTED_EDGE('',*,*,#1460,.F.);
#1094=ORIENTED_EDGE('',*,*,#1461,.F.);
#1095=ORIENTED_EDGE('',*,*,#1459,.F.);
#1096=ORIENTED_EDGE('',*,*,#1462,.T.);
#1097=ORIENTED_EDGE('',*,*,#1461,.T.);
#1098=ORIENTED_EDGE('',*,*,#1463,.F.);
#1099=ORIENTED_EDGE('',*,*,#1464,.T.);
#1100=ORIENTED_EDGE('',*,*,#1464,.F.);
#1101=ORIENTED_EDGE('',*,*,#1466,.F.);
#1102=ORIENTED_EDGE('',*,*,#1446,.F.);
#1103=ORIENTED_EDGE('',*,*,#1465,.F.);
#1104=ORIENTED_EDGE('',*,*,#1467,.T.);
#1105=ORIENTED_EDGE('',*,*,#1468,.T.);
#1106=ORIENTED_EDGE('',*,*,#1469,.F.);
#1107=ORIENTED_EDGE('',*,*,#1470,.T.);
#1108=ORIENTED_EDGE('',*,*,#1471,.T.);
#1109=ORIENTED_EDGE('',*,*,#1472,.F.);
#1110=ORIENTED_EDGE('',*,*,#1473,.T.);
#1111=ORIENTED_EDGE('',*,*,#1474,.T.);
#1112=ORIENTED_EDGE('',*,*,#1470,.F.);
#1113=ORIENTED_EDGE('',*,*,#1475,.F.);
#1114=ORIENTED_EDGE('',*,*,#1476,.T.);
#1115=ORIENTED_EDGE('',*,*,#1477,.T.);
#1116=ORIENTED_EDGE('',*,*,#1478,.T.);
#1117=ORIENTED_EDGE('',*,*,#1476,.F.);
#1118=ORIENTED_EDGE('',*,*,#1425,.F.);
#1119=ORIENTED_EDGE('',*,*,#1479,.T.);
#1120=ORIENTED_EDGE('',*,*,#1479,.F.);
#1121=ORIENTED_EDGE('',*,*,#1424,.F.);
#1122=ORIENTED_EDGE('',*,*,#1480,.F.);
#1123=ORIENTED_EDGE('',*,*,#1493,.F.);
#1124=ORIENTED_EDGE('',*,*,#1481,.T.);
#1125=ORIENTED_EDGE('',*,*,#1480,.T.);
#1126=ORIENTED_EDGE('',*,*,#1482,.F.);
#1127=ORIENTED_EDGE('',*,*,#1483,.T.);
#1128=ORIENTED_EDGE('',*,*,#1483,.F.);
#1129=ORIENTED_EDGE('',*,*,#1485,.F.);
#1130=ORIENTED_EDGE('',*,*,#1468,.F.);
#1131=ORIENTED_EDGE('',*,*,#1484,.F.);
#1132=ORIENTED_EDGE('',*,*,#1453,.F.);
#1133=ORIENTED_EDGE('',*,*,#1487,.F.);
#1134=ORIENTED_EDGE('',*,*,#1473,.F.);
#1135=ORIENTED_EDGE('',*,*,#1486,.F.);
#1136=ORIENTED_EDGE('',*,*,#1471,.F.);
#1137=ORIENTED_EDGE('',*,*,#1489,.F.);
#1138=ORIENTED_EDGE('',*,*,#1433,.F.);
#1139=ORIENTED_EDGE('',*,*,#1488,.F.);
#1140=ORIENTED_EDGE('',*,*,#1490,.F.);
#1141=ORIENTED_EDGE('',*,*,#1455,.F.);
#1142=ORIENTED_EDGE('',*,*,#1491,.F.);
#1143=ORIENTED_EDGE('',*,*,#1431,.F.);
#1144=ORIENTED_EDGE('',*,*,#1449,.F.);
#1145=ORIENTED_EDGE('',*,*,#1490,.T.);
#1146=ORIENTED_EDGE('',*,*,#1430,.F.);
#1147=ORIENTED_EDGE('',*,*,#1436,.F.);
#1148=ORIENTED_EDGE('',*,*,#1439,.T.);
#1149=ORIENTED_EDGE('',*,*,#1442,.F.);
#1150=ORIENTED_EDGE('',*,*,#1492,.T.);
#1151=ORIENTED_EDGE('',*,*,#1434,.F.);
#1152=ORIENTED_EDGE('',*,*,#1426,.F.);
#1153=ORIENTED_EDGE('',*,*,#1489,.T.);
#1154=ORIENTED_EDGE('',*,*,#1477,.F.);
#1155=ORIENTED_EDGE('',*,*,#1478,.F.);
#1156=ORIENTED_EDGE('',*,*,#1493,.T.);
#1157=ORIENTED_EDGE('',*,*,#1481,.F.);
#1158=ORIENTED_EDGE('',*,*,#1484,.T.);
#1159=ORIENTED_EDGE('',*,*,#1467,.F.);
#1160=ORIENTED_EDGE('',*,*,#1474,.F.);
#1161=ORIENTED_EDGE('',*,*,#1487,.T.);
#1162=ORIENTED_EDGE('',*,*,#1452,.F.);
#1163=ORIENTED_EDGE('',*,*,#1456,.F.);
#1164=ORIENTED_EDGE('',*,*,#1459,.T.);
#1165=ORIENTED_EDGE('',*,*,#1462,.F.);
#1166=ORIENTED_EDGE('',*,*,#1465,.T.);
#1167=ORIENTED_EDGE('',*,*,#1445,.F.);
#1168=ORIENTED_EDGE('',*,*,#1496,.T.);
#1169=ORIENTED_EDGE('',*,*,#1506,.T.);
#1170=ORIENTED_EDGE('',*,*,#1500,.T.);
#1171=ORIENTED_EDGE('',*,*,#1508,.T.);
#1172=ORIENTED_EDGE('',*,*,#1510,.T.);
#1173=ORIENTED_EDGE('',*,*,#1512,.F.);
#1174=ORIENTED_EDGE('',*,*,#1495,.F.);
#1175=ORIENTED_EDGE('',*,*,#1496,.F.);
#1176=ORIENTED_EDGE('',*,*,#1497,.F.);
#1177=ORIENTED_EDGE('',*,*,#1494,.F.);
#1178=ORIENTED_EDGE('',*,*,#1499,.F.);
#1179=ORIENTED_EDGE('',*,*,#1500,.F.);
#1180=ORIENTED_EDGE('',*,*,#1501,.F.);
#1181=ORIENTED_EDGE('',*,*,#1498,.F.);
#1182=ORIENTED_EDGE('',*,*,#1502,.F.);
#1183=ORIENTED_EDGE('',*,*,#1416,.F.);
#1184=ORIENTED_EDGE('',*,*,#1503,.F.);
#1185=ORIENTED_EDGE('',*,*,#1414,.F.);
#1186=ORIENTED_EDGE('',*,*,#1504,.F.);
#1187=ORIENTED_EDGE('',*,*,#1420,.F.);
#1188=ORIENTED_EDGE('',*,*,#1505,.F.);
#1189=ORIENTED_EDGE('',*,*,#1418,.F.);
#1190=ORIENTED_EDGE('',*,*,#1506,.F.);
#1191=ORIENTED_EDGE('',*,*,#1495,.T.);
#1192=ORIENTED_EDGE('',*,*,#1507,.F.);
#1193=ORIENTED_EDGE('',*,*,#1497,.T.);
#1194=ORIENTED_EDGE('',*,*,#1508,.F.);
#1195=ORIENTED_EDGE('',*,*,#1499,.T.);
#1196=ORIENTED_EDGE('',*,*,#1509,.F.);
#1197=ORIENTED_EDGE('',*,*,#1501,.T.);
#1198=ORIENTED_EDGE('',*,*,#1511,.F.);
#1199=ORIENTED_EDGE('',*,*,#1510,.F.);
#1200=ORIENTED_EDGE('',*,*,#1515,.F.);
#1201=ORIENTED_EDGE('',*,*,#1513,.F.);
#1202=ORIENTED_EDGE('',*,*,#1515,.T.);
#1203=ORIENTED_EDGE('',*,*,#1512,.T.);
#1204=ORIENTED_EDGE('',*,*,#1511,.T.);
#1205=ORIENTED_EDGE('',*,*,#1514,.F.);
#1206=EDGE_CURVE('',#1892,#1891,#1649,.T.);
#1207=EDGE_CURVE('',#1893,#1894,#1650,.T.);
#1208=EDGE_CURVE('',#1892,#1891,#1651,.T.);
#1209=EDGE_CURVE('',#1894,#1893,#1652,.T.);
#1210=EDGE_CURVE('',#1892,#1895,#1516,.T.);
#1211=EDGE_CURVE('',#1895,#1896,#1653,.T.);
#1212=EDGE_CURVE('',#1896,#1891,#1517,.T.);
#1213=EDGE_CURVE('',#1896,#1895,#1654,.T.);
#1214=EDGE_CURVE('',#1893,#1897,#1518,.T.);
#1215=EDGE_CURVE('',#1897,#1898,#1655,.T.);
#1216=EDGE_CURVE('',#1898,#1894,#1519,.T.);
#1217=EDGE_CURVE('',#1898,#1897,#1656,.T.);
#1218=EDGE_CURVE('',#1899,#1900,#28,.T.);
#1219=EDGE_CURVE('',#1900,#1901,#1657,.T.);
#1220=EDGE_CURVE('',#1901,#1902,#29,.T.);
#1221=EDGE_CURVE('',#1902,#1899,#1658,.T.);
#1222=EDGE_CURVE('',#1903,#1904,#1659,.T.);
#1223=EDGE_CURVE('',#1905,#1903,#30,.T.);
#1224=EDGE_CURVE('',#1906,#1905,#1660,.T.);
#1225=EDGE_CURVE('',#1904,#1906,#31,.T.);
#1226=EDGE_CURVE('',#1902,#1899,#1661,.T.);
#1227=EDGE_CURVE('',#1900,#1901,#1662,.T.);
#1228=EDGE_CURVE('',#1905,#1906,#1663,.T.);
#1229=EDGE_CURVE('',#1904,#1903,#1664,.T.);
#1230=EDGE_CURVE('',#1907,#1909,#1665,.T.);
#1231=EDGE_CURVE('',#1907,#1908,#32,.T.);
#1232=EDGE_CURVE('',#1908,#1910,#1666,.T.);
#1233=EDGE_CURVE('',#1909,#1910,#33,.T.);
#1234=EDGE_CURVE('',#1909,#1907,#1667,.T.);
#1235=EDGE_CURVE('',#1910,#1908,#1668,.T.);
#1236=EDGE_CURVE('',#1911,#1915,#1669,.T.);
#1237=EDGE_CURVE('',#1911,#1912,#34,.T.);
#1238=EDGE_CURVE('',#1912,#1916,#1670,.T.);
#1239=EDGE_CURVE('',#1913,#1917,#1671,.T.);
#1240=EDGE_CURVE('',#1914,#1918,#1672,.T.);
#1241=EDGE_CURVE('',#1913,#1914,#35,.T.);
#1242=EDGE_CURVE('',#1915,#1916,#36,.T.);
#1243=EDGE_CURVE('',#1915,#1911,#1673,.T.);
#1244=EDGE_CURVE('',#1916,#1912,#1674,.T.);
#1245=EDGE_CURVE('',#1917,#1918,#37,.T.);
#1246=EDGE_CURVE('',#1917,#1913,#1675,.T.);
#1247=EDGE_CURVE('',#1918,#1914,#1676,.T.);
#1248=EDGE_CURVE('',#1919,#1920,#38,.T.);
#1249=EDGE_CURVE('',#1920,#1921,#1677,.T.);
#1250=EDGE_CURVE('',#1921,#1922,#39,.T.);
#1251=EDGE_CURVE('',#1922,#1919,#1678,.T.);
#1252=EDGE_CURVE('',#1919,#1922,#1679,.T.);
#1253=EDGE_CURVE('',#1921,#1920,#1680,.T.);
#1254=EDGE_CURVE('',#1923,#1924,#1520,.T.);
#1255=EDGE_CURVE('',#1924,#1925,#1521,.T.);
#1256=EDGE_CURVE('',#1925,#1926,#1522,.T.);
#1257=EDGE_CURVE('',#1926,#1923,#1523,.T.);
#1258=EDGE_CURVE('',#1927,#1928,#1524,.T.);
#1259=EDGE_CURVE('',#1928,#1929,#1525,.T.);
#1260=EDGE_CURVE('',#1929,#1930,#1526,.T.);
#1261=EDGE_CURVE('',#1930,#1927,#1527,.T.);
#1262=EDGE_CURVE('',#1931,#1932,#1528,.T.);
#1263=EDGE_CURVE('',#1932,#1933,#1529,.T.);
#1264=EDGE_CURVE('',#1933,#1934,#1530,.T.);
#1265=EDGE_CURVE('',#1934,#1931,#1531,.T.);
#1266=EDGE_CURVE('',#1935,#1936,#1532,.T.);
#1267=EDGE_CURVE('',#1936,#1937,#1533,.T.);
#1268=EDGE_CURVE('',#1937,#1938,#1534,.T.);
#1269=EDGE_CURVE('',#1938,#1935,#1535,.T.);
#1270=EDGE_CURVE('',#1928,#1926,#1536,.T.);
#1271=EDGE_CURVE('',#1923,#1927,#1537,.T.);
#1272=EDGE_CURVE('',#1938,#1924,#1538,.T.);
#1273=EDGE_CURVE('',#1925,#1937,#1539,.T.);
#1274=EDGE_CURVE('',#1932,#1929,#1540,.T.);
#1275=EDGE_CURVE('',#1930,#1931,#1541,.T.);
#1276=EDGE_CURVE('',#1936,#1933,#1542,.T.);
#1277=EDGE_CURVE('',#1934,#1935,#1543,.T.);
#1278=EDGE_CURVE('',#1939,#1940,#1544,.T.);
#1279=EDGE_CURVE('',#1940,#1941,#1545,.T.);
#1280=EDGE_CURVE('',#1941,#1942,#1546,.T.);
#1281=EDGE_CURVE('',#1942,#1939,#1547,.T.);
#1282=EDGE_CURVE('',#1940,#1943,#1548,.T.);
#1283=EDGE_CURVE('',#1943,#1944,#1549,.T.);
#1284=EDGE_CURVE('',#1944,#1941,#1550,.T.);
#1285=EDGE_CURVE('',#1943,#1945,#1551,.T.);
#1286=EDGE_CURVE('',#1945,#1946,#1552,.T.);
#1287=EDGE_CURVE('',#1946,#1944,#1553,.T.);
#1288=EDGE_CURVE('',#1945,#1939,#1554,.T.);
#1289=EDGE_CURVE('',#1942,#1946,#1555,.T.);
#1290=EDGE_CURVE('',#1947,#1948,#1556,.T.);
#1291=EDGE_CURVE('',#1948,#1949,#1557,.T.);
#1292=EDGE_CURVE('',#1949,#1950,#1558,.T.);
#1293=EDGE_CURVE('',#1950,#1947,#1559,.T.);
#1294=EDGE_CURVE('',#1951,#1952,#1560,.T.);
#1295=EDGE_CURVE('',#1952,#1953,#1561,.T.);
#1296=EDGE_CURVE('',#1953,#1954,#1562,.T.);
#1297=EDGE_CURVE('',#1954,#1951,#1563,.T.);
#1298=EDGE_CURVE('',#1955,#1956,#1564,.T.);
#1299=EDGE_CURVE('',#1956,#1957,#1565,.T.);
#1300=EDGE_CURVE('',#1957,#1958,#1566,.T.);
#1301=EDGE_CURVE('',#1958,#1955,#1567,.T.);
#1302=EDGE_CURVE('',#1959,#1960,#1568,.T.);
#1303=EDGE_CURVE('',#1960,#1961,#1569,.T.);
#1304=EDGE_CURVE('',#1961,#1962,#1570,.T.);
#1305=EDGE_CURVE('',#1962,#1959,#1571,.T.);
#1306=EDGE_CURVE('',#1952,#1950,#1572,.T.);
#1307=EDGE_CURVE('',#1947,#1951,#1573,.T.);
#1308=EDGE_CURVE('',#1962,#1948,#1574,.T.);
#1309=EDGE_CURVE('',#1949,#1961,#1575,.T.);
#1310=EDGE_CURVE('',#1956,#1953,#1576,.T.);
#1311=EDGE_CURVE('',#1954,#1955,#1577,.T.);
#1312=EDGE_CURVE('',#1960,#1957,#1578,.T.);
#1313=EDGE_CURVE('',#1958,#1959,#1579,.T.);
#1314=EDGE_CURVE('',#1963,#1964,#1580,.T.);
#1315=EDGE_CURVE('',#1964,#1965,#1581,.T.);
#1316=EDGE_CURVE('',#1965,#1966,#1582,.T.);
#1317=EDGE_CURVE('',#1966,#1963,#1583,.T.);
#1318=EDGE_CURVE('',#1964,#1967,#1584,.T.);
#1319=EDGE_CURVE('',#1967,#1968,#1585,.T.);
#1320=EDGE_CURVE('',#1968,#1965,#1586,.T.);
#1321=EDGE_CURVE('',#1967,#1969,#1587,.T.);
#1322=EDGE_CURVE('',#1969,#1970,#1588,.T.);
#1323=EDGE_CURVE('',#1970,#1968,#1589,.T.);
#1324=EDGE_CURVE('',#1969,#1963,#1590,.T.);
#1325=EDGE_CURVE('',#1966,#1970,#1591,.T.);
#1326=EDGE_CURVE('',#1971,#1972,#1592,.T.);
#1327=EDGE_CURVE('',#1972,#1973,#1593,.T.);
#1328=EDGE_CURVE('',#1973,#1974,#1594,.T.);
#1329=EDGE_CURVE('',#1974,#1971,#1595,.T.);
#1330=EDGE_CURVE('',#1975,#1976,#1596,.T.);
#1331=EDGE_CURVE('',#1976,#1977,#1597,.T.);
#1332=EDGE_CURVE('',#1977,#1978,#1598,.T.);
#1333=EDGE_CURVE('',#1978,#1975,#1599,.T.);
#1334=EDGE_CURVE('',#1979,#1980,#1600,.T.);
#1335=EDGE_CURVE('',#1980,#1981,#1601,.T.);
#1336=EDGE_CURVE('',#1981,#1982,#1602,.T.);
#1337=EDGE_CURVE('',#1982,#1979,#1603,.T.);
#1338=EDGE_CURVE('',#1983,#1984,#1604,.T.);
#1339=EDGE_CURVE('',#1984,#1985,#1605,.T.);
#1340=EDGE_CURVE('',#1985,#1986,#1606,.T.);
#1341=EDGE_CURVE('',#1986,#1983,#1607,.T.);
#1342=EDGE_CURVE('',#1976,#1974,#1608,.T.);
#1343=EDGE_CURVE('',#1971,#1975,#1609,.T.);
#1344=EDGE_CURVE('',#1986,#1972,#1610,.T.);
#1345=EDGE_CURVE('',#1973,#1985,#1611,.T.);
#1346=EDGE_CURVE('',#1980,#1977,#1612,.T.);
#1347=EDGE_CURVE('',#1978,#1979,#1613,.T.);
#1348=EDGE_CURVE('',#1984,#1981,#1614,.T.);
#1349=EDGE_CURVE('',#1982,#1983,#1615,.T.);
#1350=EDGE_CURVE('',#1987,#1988,#1616,.T.);
#1351=EDGE_CURVE('',#1988,#1989,#1617,.T.);
#1352=EDGE_CURVE('',#1989,#1990,#1618,.T.);
#1353=EDGE_CURVE('',#1990,#1987,#1619,.T.);
#1354=EDGE_CURVE('',#1988,#1991,#1620,.T.);
#1355=EDGE_CURVE('',#1991,#1992,#1621,.T.);
#1356=EDGE_CURVE('',#1992,#1989,#1622,.T.);
#1357=EDGE_CURVE('',#1991,#1993,#1623,.T.);
#1358=EDGE_CURVE('',#1993,#1994,#1624,.T.);
#1359=EDGE_CURVE('',#1994,#1992,#1625,.T.);
#1360=EDGE_CURVE('',#1993,#1987,#1626,.T.);
#1361=EDGE_CURVE('',#1990,#1994,#1627,.T.);
#1362=EDGE_CURVE('',#1995,#1996,#40,.T.);
#1363=EDGE_CURVE('',#1996,#1997,#1681,.T.);
#1364=EDGE_CURVE('',#1997,#1998,#41,.T.);
#1365=EDGE_CURVE('',#1998,#1995,#1682,.T.);
#1366=EDGE_CURVE('',#1999,#2000,#42,.T.);
#1367=EDGE_CURVE('',#2000,#2001,#1683,.T.);
#1368=EDGE_CURVE('',#2001,#2002,#43,.T.);
#1369=EDGE_CURVE('',#2002,#1999,#1684,.T.);
#1370=EDGE_CURVE('',#2007,#2008,#1685,.T.);
#1371=EDGE_CURVE('',#2015,#2007,#44,.T.);
#1372=EDGE_CURVE('',#2016,#2015,#1686,.T.);
#1373=EDGE_CURVE('',#2008,#2016,#45,.T.);
#1374=EDGE_CURVE('',#2009,#2010,#1687,.T.);
#1375=EDGE_CURVE('',#2017,#2009,#46,.T.);
#1376=EDGE_CURVE('',#2018,#2017,#1688,.T.);
#1377=EDGE_CURVE('',#2010,#2018,#47,.T.);
#1378=EDGE_CURVE('',#2011,#2012,#1689,.T.);
#1379=EDGE_CURVE('',#2019,#2011,#48,.T.);
#1380=EDGE_CURVE('',#2020,#2019,#1690,.T.);
#1381=EDGE_CURVE('',#2012,#2020,#49,.T.);
#1382=EDGE_CURVE('',#2013,#2014,#1691,.T.);
#1383=EDGE_CURVE('',#2003,#2013,#50,.T.);
#1384=EDGE_CURVE('',#2004,#2003,#1692,.T.);
#1385=EDGE_CURVE('',#2014,#2004,#51,.T.);
#1386=EDGE_CURVE('',#2000,#2006,#1693,.T.);
#1387=EDGE_CURVE('',#2005,#2006,#1694,.T.);
#1388=EDGE_CURVE('',#2005,#2001,#1695,.T.);
#1389=EDGE_CURVE('',#1998,#1995,#1696,.T.);
#1390=EDGE_CURVE('',#1996,#1997,#1697,.T.);
#1391=EDGE_CURVE('',#2002,#1999,#1698,.T.);
#1392=EDGE_CURVE('',#2001,#2000,#1699,.T.);
#1393=EDGE_CURVE('',#2015,#2016,#1700,.T.);
#1394=EDGE_CURVE('',#2008,#2007,#1701,.T.);
#1395=EDGE_CURVE('',#2017,#2018,#1702,.T.);
#1396=EDGE_CURVE('',#2010,#2009,#1703,.T.);
#1397=EDGE_CURVE('',#2019,#2020,#1704,.T.);
#1398=EDGE_CURVE('',#2012,#2011,#1705,.T.);
#1399=EDGE_CURVE('',#2003,#2004,#1706,.T.);
#1400=EDGE_CURVE('',#2014,#2013,#1707,.T.);
#1401=EDGE_CURVE('',#2006,#2005,#1708,.T.);
#1402=EDGE_CURVE('',#2021,#2022,#52,.T.);
#1403=EDGE_CURVE('',#2022,#2023,#1709,.T.);
#1404=EDGE_CURVE('',#2023,#2024,#53,.T.);
#1405=EDGE_CURVE('',#2024,#2021,#1710,.T.);
#1406=EDGE_CURVE('',#2025,#2026,#54,.T.);
#1407=EDGE_CURVE('',#2027,#2025,#1711,.T.);
#1408=EDGE_CURVE('',#2028,#2027,#55,.T.);
#1409=EDGE_CURVE('',#2026,#2028,#1712,.T.);
#1410=EDGE_CURVE('',#2024,#2021,#1713,.T.);
#1411=EDGE_CURVE('',#2022,#2023,#1714,.T.);
#1412=EDGE_CURVE('',#2028,#2026,#1715,.T.);
#1413=EDGE_CURVE('',#2025,#2027,#1716,.T.);
#1414=EDGE_CURVE('',#2029,#2030,#56,.T.);
#1415=EDGE_CURVE('',#2030,#2031,#1717,.T.);
#1416=EDGE_CURVE('',#2031,#2032,#57,.T.);
#1417=EDGE_CURVE('',#2032,#2029,#1718,.T.);
#1418=EDGE_CURVE('',#2040,#2041,#58,.T.);
#1419=EDGE_CURVE('',#2041,#2042,#1719,.T.);
#1420=EDGE_CURVE('',#2042,#2039,#59,.T.);
#1421=EDGE_CURVE('',#2040,#2039,#1720,.T.);
#1422=EDGE_CURVE('',#2044,#2045,#1628,.T.);
#1423=EDGE_CURVE('',#2045,#2046,#1721,.T.);
#1424=EDGE_CURVE('',#2059,#2060,#1722,.T.);
#1425=EDGE_CURVE('',#2060,#2055,#1629,.T.);
#1426=EDGE_CURVE('',#2065,#2066,#1723,.T.);
#1427=EDGE_CURVE('',#2066,#2044,#1630,.T.);
#1428=EDGE_CURVE('',#2043,#2044,#60,.T.);
#1429=EDGE_CURVE('',#2043,#2067,#61,.T.);
#1430=EDGE_CURVE('',#2067,#2068,#1724,.T.);
#1431=EDGE_CURVE('',#2068,#2036,#62,.T.);
#1432=EDGE_CURVE('',#2035,#2036,#1725,.T.);
#1433=EDGE_CURVE('',#2035,#2065,#63,.T.);
#1434=EDGE_CURVE('',#2066,#2069,#1631,.T.);
#1435=EDGE_CURVE('',#2069,#2045,#1632,.T.);
#1436=EDGE_CURVE('',#2070,#2067,#1633,.T.);
#1437=EDGE_CURVE('',#2048,#2043,#1634,.T.);
#1438=EDGE_CURVE('',#2048,#2070,#1635,.T.);
#1439=EDGE_CURVE('',#2070,#2071,#1726,.T.);
#1440=EDGE_CURVE('',#2047,#2048,#1727,.T.);
#1441=EDGE_CURVE('',#2071,#2047,#64,.T.);
#1442=EDGE_CURVE('',#2072,#2071,#1728,.T.);
#1443=EDGE_CURVE('',#2046,#2047,#1729,.T.);
#1444=EDGE_CURVE('',#2046,#2072,#65,.T.);
#1445=EDGE_CURVE('',#2073,#2074,#1636,.T.);
#1446=EDGE_CURVE('',#2074,#2051,#1637,.T.);
#1447=EDGE_CURVE('',#2050,#2051,#1638,.T.);
#1448=EDGE_CURVE('',#2050,#2073,#1639,.T.);
#1449=EDGE_CURVE('',#2075,#2073,#1730,.T.);
#1450=EDGE_CURVE('',#2049,#2050,#66,.T.);
#1451=EDGE_CURVE('',#2049,#2076,#67,.T.);
#1452=EDGE_CURVE('',#2076,#2077,#1731,.T.);
#1453=EDGE_CURVE('',#2077,#2038,#68,.T.);
#1454=EDGE_CURVE('',#2037,#2038,#1732,.T.);
#1455=EDGE_CURVE('',#2037,#2075,#69,.T.);
#1456=EDGE_CURVE('',#2078,#2076,#1640,.T.);
#1457=EDGE_CURVE('',#2054,#2049,#1641,.T.);
#1458=EDGE_CURVE('',#2054,#2078,#1642,.T.);
#1459=EDGE_CURVE('',#2078,#2079,#1733,.T.);
#1460=EDGE_CURVE('',#2053,#2054,#1734,.T.);
#1461=EDGE_CURVE('',#2079,#2053,#70,.T.);
#1462=EDGE_CURVE('',#2080,#2079,#1735,.T.);
#1463=EDGE_CURVE('',#2052,#2053,#1736,.T.);
#1464=EDGE_CURVE('',#2052,#2080,#71,.T.);
#1465=EDGE_CURVE('',#2080,#2074,#1737,.T.);
#1466=EDGE_CURVE('',#2051,#2052,#1738,.T.);
#1467=EDGE_CURVE('',#2081,#2082,#1643,.T.);
#1468=EDGE_CURVE('',#2082,#2057,#1644,.T.);
#1469=EDGE_CURVE('',#2056,#2057,#1645,.T.);
#1470=EDGE_CURVE('',#2056,#2081,#1646,.T.);
#1471=EDGE_CURVE('',#2083,#2034,#72,.T.);
#1472=EDGE_CURVE('',#2033,#2034,#1739,.T.);
#1473=EDGE_CURVE('',#2033,#2084,#73,.T.);
#1474=EDGE_CURVE('',#2084,#2081,#1740,.T.);
#1475=EDGE_CURVE('',#2055,#2056,#74,.T.);
#1476=EDGE_CURVE('',#2055,#2085,#75,.T.);
#1477=EDGE_CURVE('',#2085,#2083,#1741,.T.);
#1478=EDGE_CURVE('',#2086,#2085,#1647,.T.);
#1479=EDGE_CURVE('',#2060,#2086,#1648,.T.);
#1480=EDGE_CURVE('',#2087,#2059,#76,.T.);
#1481=EDGE_CURVE('',#2088,#2087,#1742,.T.);
#1482=EDGE_CURVE('',#2058,#2059,#1743,.T.);
#1483=EDGE_CURVE('',#2058,#2088,#77,.T.);
#1484=EDGE_CURVE('',#2088,#2082,#1744,.T.);
#1485=EDGE_CURVE('',#2057,#2058,#1745,.T.);
#1486=EDGE_CURVE('',#2038,#2033,#1746,.T.);
#1487=EDGE_CURVE('',#2084,#2077,#1747,.T.);
#1488=EDGE_CURVE('',#2034,#2035,#1748,.T.);
#1489=EDGE_CURVE('',#2065,#2083,#1749,.T.);
#1490=EDGE_CURVE('',#2075,#2068,#1750,.T.);
#1491=EDGE_CURVE('',#2036,#2037,#1751,.T.);
#1492=EDGE_CURVE('',#2072,#2069,#1752,.T.);
#1493=EDGE_CURVE('',#2086,#2087,#1753,.T.);
#1494=EDGE_CURVE('',#2061,#2062,#1754,.T.);
#1495=EDGE_CURVE('',#2089,#2061,#78,.T.);
#1496=EDGE_CURVE('',#2090,#2089,#1755,.T.);
#1497=EDGE_CURVE('',#2062,#2090,#79,.T.);
#1498=EDGE_CURVE('',#2063,#2064,#1756,.T.);
#1499=EDGE_CURVE('',#2091,#2063,#80,.T.);
#1500=EDGE_CURVE('',#2092,#2091,#1757,.T.);
#1501=EDGE_CURVE('',#2064,#2092,#81,.T.);
#1502=EDGE_CURVE('',#2032,#2029,#1758,.T.);
#1503=EDGE_CURVE('',#2030,#2031,#1759,.T.);
#1504=EDGE_CURVE('',#2039,#2040,#1760,.T.);
#1505=EDGE_CURVE('',#2041,#2042,#1761,.T.);
#1506=EDGE_CURVE('',#2089,#2090,#1762,.T.);
#1507=EDGE_CURVE('',#2062,#2061,#1763,.T.);
#1508=EDGE_CURVE('',#2091,#2092,#1764,.T.);
#1509=EDGE_CURVE('',#2064,#2063,#1765,.T.);
#1510=EDGE_CURVE('',#2095,#2096,#1766,.T.);
#1511=EDGE_CURVE('',#2096,#2093,#82,.T.);
#1512=EDGE_CURVE('',#2095,#2096,#1767,.T.);
#1513=EDGE_CURVE('',#2093,#2094,#1768,.T.);
#1514=EDGE_CURVE('',#2094,#2093,#1769,.T.);
#1515=EDGE_CURVE('',#2094,#2095,#83,.T.);
#1516=B_SPLINE_CURVE_WITH_KNOTS('',1,(#2908,#2909),.UNSPECIFIED.,.F.,.F.,
(2,2),(0.,2.45000114440898),.UNSPECIFIED.);
#1517=B_SPLINE_CURVE_WITH_KNOTS('',1,(#2913,#2914),.UNSPECIFIED.,.F.,.F.,
(2,2),(-2.45000114440898,0.),.UNSPECIFIED.);
#1518=B_SPLINE_CURVE_WITH_KNOTS('',1,(#2918,#2919),.UNSPECIFIED.,.F.,.F.,
(2,2),(0.,2.45000114440898),.UNSPECIFIED.);
#1519=B_SPLINE_CURVE_WITH_KNOTS('',1,(#2923,#2924),.UNSPECIFIED.,.F.,.F.,
(2,2),(-2.45000114440898,0.),.UNSPECIFIED.);
#1520=B_SPLINE_CURVE_WITH_KNOTS('',1,(#3097,#3098),.UNSPECIFIED.,.F.,.F.,
(2,2),(0.,2.20000000000001),.UNSPECIFIED.);
#1521=B_SPLINE_CURVE_WITH_KNOTS('',1,(#3099,#3100),.UNSPECIFIED.,.F.,.F.,
(2,2),(0.,3.),.UNSPECIFIED.);
#1522=B_SPLINE_CURVE_WITH_KNOTS('',1,(#3101,#3102),.UNSPECIFIED.,.F.,.F.,
(2,2),(0.,2.2),.UNSPECIFIED.);
#1523=B_SPLINE_CURVE_WITH_KNOTS('',1,(#3103,#3104),.UNSPECIFIED.,.F.,.F.,
(2,2),(0.,3.),.UNSPECIFIED.);
#1524=B_SPLINE_CURVE_WITH_KNOTS('',1,(#3105,#3106),.UNSPECIFIED.,.F.,.F.,
(2,2),(0.,3.),.UNSPECIFIED.);
#1525=B_SPLINE_CURVE_WITH_KNOTS('',1,(#3107,#3108),.UNSPECIFIED.,.F.,.F.,
(2,2),(0.,2.20000000000003),.UNSPECIFIED.);
#1526=B_SPLINE_CURVE_WITH_KNOTS('',1,(#3109,#3110),.UNSPECIFIED.,.F.,.F.,
(2,2),(0.,3.),.UNSPECIFIED.);
#1527=B_SPLINE_CURVE_WITH_KNOTS('',1,(#3111,#3112),.UNSPECIFIED.,.F.,.F.,
(2,2),(0.,2.20000000000003),.UNSPECIFIED.);
#1528=B_SPLINE_CURVE_WITH_KNOTS('',1,(#3113,#3114),.UNSPECIFIED.,.F.,.F.,
(2,2),(0.,3.),.UNSPECIFIED.);
#1529=B_SPLINE_CURVE_WITH_KNOTS('',1,(#3115,#3116),.UNSPECIFIED.,.F.,.F.,
(2,2),(0.,2.2),.UNSPECIFIED.);
#1530=B_SPLINE_CURVE_WITH_KNOTS('',1,(#3117,#3118),.UNSPECIFIED.,.F.,.F.,
(2,2),(0.,3.),.UNSPECIFIED.);
#1531=B_SPLINE_CURVE_WITH_KNOTS('',1,(#3119,#3120),.UNSPECIFIED.,.F.,.F.,
(2,2),(0.,2.2),.UNSPECIFIED.);
#1532=B_SPLINE_CURVE_WITH_KNOTS('',1,(#3121,#3122),.UNSPECIFIED.,.F.,.F.,
(2,2),(0.,3.),.UNSPECIFIED.);
#1533=B_SPLINE_CURVE_WITH_KNOTS('',1,(#3123,#3124),.UNSPECIFIED.,.F.,.F.,
(2,2),(0.,2.2),.UNSPECIFIED.);
#1534=B_SPLINE_CURVE_WITH_KNOTS('',1,(#3125,#3126),.UNSPECIFIED.,.F.,.F.,
(2,2),(0.,3.),.UNSPECIFIED.);
#1535=B_SPLINE_CURVE_WITH_KNOTS('',1,(#3127,#3128),.UNSPECIFIED.,.F.,.F.,
(2,2),(0.,2.20000000000001),.UNSPECIFIED.);
#1536=B_SPLINE_CURVE_WITH_KNOTS('',1,(#3129,#3130),.UNSPECIFIED.,.F.,.F.,
(2,2),(-0.282842712474583,0.),.UNSPECIFIED.);
#1537=B_SPLINE_CURVE_WITH_KNOTS('',1,(#3131,#3132),.UNSPECIFIED.,.F.,.F.,
(2,2),(-0.282842712474583,0.),.UNSPECIFIED.);
#1538=B_SPLINE_CURVE_WITH_KNOTS('',1,(#3133,#3134),.UNSPECIFIED.,.F.,.F.,
(2,2),(-0.282842712474566,0.),.UNSPECIFIED.);
#1539=B_SPLINE_CURVE_WITH_KNOTS('',1,(#3135,#3136),.UNSPECIFIED.,.F.,.F.,
(2,2),(-0.282842712474578,0.),.UNSPECIFIED.);
#1540=B_SPLINE_CURVE_WITH_KNOTS('',1,(#3137,#3138),.UNSPECIFIED.,.F.,.F.,
(2,2),(-0.282842712474619,0.),.UNSPECIFIED.);
#1541=B_SPLINE_CURVE_WITH_KNOTS('',1,(#3139,#3140),.UNSPECIFIED.,.F.,.F.,
(2,2),(-0.282842712474619,0.),.UNSPECIFIED.);
#1542=B_SPLINE_CURVE_WITH_KNOTS('',1,(#3141,#3142),.UNSPECIFIED.,.F.,.F.,
(2,2),(-0.282842712474613,0.),.UNSPECIFIED.);
#1543=B_SPLINE_CURVE_WITH_KNOTS('',1,(#3143,#3144),.UNSPECIFIED.,.F.,.F.,
(2,2),(-0.282842712474613,0.),.UNSPECIFIED.);
#1544=B_SPLINE_CURVE_WITH_KNOTS('',1,(#3159,#3160),.UNSPECIFIED.,.F.,.F.,
(2,2),(0.,0.499999999999992),.UNSPECIFIED.);
#1545=B_SPLINE_CURVE_WITH_KNOTS('',1,(#3161,#3162),.UNSPECIFIED.,.F.,.F.,
(2,2),(0.,4.5),.UNSPECIFIED.);
#1546=B_SPLINE_CURVE_WITH_KNOTS('',1,(#3163,#3164),.UNSPECIFIED.,.F.,.F.,
(2,2),(0.,0.499999999999992),.UNSPECIFIED.);
#1547=B_SPLINE_CURVE_WITH_KNOTS('',1,(#3165,#3166),.UNSPECIFIED.,.F.,.F.,
(2,2),(0.,4.5),.UNSPECIFIED.);
#1548=B_SPLINE_CURVE_WITH_KNOTS('',1,(#3167,#3168),.UNSPECIFIED.,.F.,.F.,
(2,2),(0.,0.500000000000005),.UNSPECIFIED.);
#1549=B_SPLINE_CURVE_WITH_KNOTS('',1,(#3169,#3170),.UNSPECIFIED.,.F.,.F.,
(2,2),(0.,4.5),.UNSPECIFIED.);
#1550=B_SPLINE_CURVE_WITH_KNOTS('',1,(#3171,#3172),.UNSPECIFIED.,.F.,.F.,
(2,2),(0.,0.500000000000005),.UNSPECIFIED.);
#1551=B_SPLINE_CURVE_WITH_KNOTS('',1,(#3173,#3174),.UNSPECIFIED.,.F.,.F.,
(2,2),(0.,0.500000000000003),.UNSPECIFIED.);
#1552=B_SPLINE_CURVE_WITH_KNOTS('',1,(#3175,#3176),.UNSPECIFIED.,.F.,.F.,
(2,2),(0.,4.5),.UNSPECIFIED.);
#1553=B_SPLINE_CURVE_WITH_KNOTS('',1,(#3177,#3178),.UNSPECIFIED.,.F.,.F.,
(2,2),(0.,0.500000000000003),.UNSPECIFIED.);
#1554=B_SPLINE_CURVE_WITH_KNOTS('',1,(#3179,#3180),.UNSPECIFIED.,.F.,.F.,
(2,2),(0.,0.500000000000003),.UNSPECIFIED.);
#1555=B_SPLINE_CURVE_WITH_KNOTS('',1,(#3181,#3182),.UNSPECIFIED.,.F.,.F.,
(2,2),(0.,0.500000000000003),.UNSPECIFIED.);
#1556=B_SPLINE_CURVE_WITH_KNOTS('',1,(#3209,#3210),.UNSPECIFIED.,.F.,.F.,
(2,2),(0.,2.20000000000001),.UNSPECIFIED.);
#1557=B_SPLINE_CURVE_WITH_KNOTS('',1,(#3211,#3212),.UNSPECIFIED.,.F.,.F.,
(2,2),(0.,3.),.UNSPECIFIED.);
#1558=B_SPLINE_CURVE_WITH_KNOTS('',1,(#3213,#3214),.UNSPECIFIED.,.F.,.F.,
(2,2),(0.,2.2),.UNSPECIFIED.);
#1559=B_SPLINE_CURVE_WITH_KNOTS('',1,(#3215,#3216),.UNSPECIFIED.,.F.,.F.,
(2,2),(0.,3.),.UNSPECIFIED.);
#1560=B_SPLINE_CURVE_WITH_KNOTS('',1,(#3217,#3218),.UNSPECIFIED.,.F.,.F.,
(2,2),(0.,3.),.UNSPECIFIED.);
#1561=B_SPLINE_CURVE_WITH_KNOTS('',1,(#3219,#3220),.UNSPECIFIED.,.F.,.F.,
(2,2),(0.,2.20000000000005),.UNSPECIFIED.);
#1562=B_SPLINE_CURVE_WITH_KNOTS('',1,(#3221,#3222),.UNSPECIFIED.,.F.,.F.,
(2,2),(0.,3.),.UNSPECIFIED.);
#1563=B_SPLINE_CURVE_WITH_KNOTS('',1,(#3223,#3224),.UNSPECIFIED.,.F.,.F.,
(2,2),(0.,2.20000000000005),.UNSPECIFIED.);
#1564=B_SPLINE_CURVE_WITH_KNOTS('',1,(#3225,#3226),.UNSPECIFIED.,.F.,.F.,
(2,2),(0.,3.),.UNSPECIFIED.);
#1565=B_SPLINE_CURVE_WITH_KNOTS('',1,(#3227,#3228),.UNSPECIFIED.,.F.,.F.,
(2,2),(0.,2.20000000000001),.UNSPECIFIED.);
#1566=B_SPLINE_CURVE_WITH_KNOTS('',1,(#3229,#3230),.UNSPECIFIED.,.F.,.F.,
(2,2),(0.,3.),.UNSPECIFIED.);
#1567=B_SPLINE_CURVE_WITH_KNOTS('',1,(#3231,#3232),.UNSPECIFIED.,.F.,.F.,
(2,2),(0.,2.20000000000001),.UNSPECIFIED.);
#1568=B_SPLINE_CURVE_WITH_KNOTS('',1,(#3233,#3234),.UNSPECIFIED.,.F.,.F.,
(2,2),(0.,3.),.UNSPECIFIED.);
#1569=B_SPLINE_CURVE_WITH_KNOTS('',1,(#3235,#3236),.UNSPECIFIED.,.F.,.F.,
(2,2),(0.,2.20000000000002),.UNSPECIFIED.);
#1570=B_SPLINE_CURVE_WITH_KNOTS('',1,(#3237,#3238),.UNSPECIFIED.,.F.,.F.,
(2,2),(0.,3.),.UNSPECIFIED.);
#1571=B_SPLINE_CURVE_WITH_KNOTS('',1,(#3239,#3240),.UNSPECIFIED.,.F.,.F.,
(2,2),(0.,2.20000000000002),.UNSPECIFIED.);
#1572=B_SPLINE_CURVE_WITH_KNOTS('',1,(#3241,#3242),.UNSPECIFIED.,.F.,.F.,
(2,2),(-0.282842712474583,0.),.UNSPECIFIED.);
#1573=B_SPLINE_CURVE_WITH_KNOTS('',1,(#3243,#3244),.UNSPECIFIED.,.F.,.F.,
(2,2),(-0.282842712474583,0.),.UNSPECIFIED.);
#1574=B_SPLINE_CURVE_WITH_KNOTS('',1,(#3245,#3246),.UNSPECIFIED.,.F.,.F.,
(2,2),(-0.282842712474574,0.),.UNSPECIFIED.);
#1575=B_SPLINE_CURVE_WITH_KNOTS('',1,(#3247,#3248),.UNSPECIFIED.,.F.,.F.,
(2,2),(-0.282842712474584,0.),.UNSPECIFIED.);
#1576=B_SPLINE_CURVE_WITH_KNOTS('',1,(#3249,#3250),.UNSPECIFIED.,.F.,.F.,
(2,2),(-0.282842712474616,0.),.UNSPECIFIED.);
#1577=B_SPLINE_CURVE_WITH_KNOTS('',1,(#3251,#3252),.UNSPECIFIED.,.F.,.F.,
(2,2),(-0.282842712474616,0.),.UNSPECIFIED.);
#1578=B_SPLINE_CURVE_WITH_KNOTS('',1,(#3253,#3254),.UNSPECIFIED.,.F.,.F.,
(2,2),(-0.282842712474604,0.),.UNSPECIFIED.);
#1579=B_SPLINE_CURVE_WITH_KNOTS('',1,(#3255,#3256),.UNSPECIFIED.,.F.,.F.,
(2,2),(-0.282842712474612,0.),.UNSPECIFIED.);
#1580=B_SPLINE_CURVE_WITH_KNOTS('',1,(#3271,#3272),.UNSPECIFIED.,.F.,.F.,
(2,2),(0.,0.499999999999995),.UNSPECIFIED.);
#1581=B_SPLINE_CURVE_WITH_KNOTS('',1,(#3273,#3274),.UNSPECIFIED.,.F.,.F.,
(2,2),(0.,4.5),.UNSPECIFIED.);
#1582=B_SPLINE_CURVE_WITH_KNOTS('',1,(#3275,#3276),.UNSPECIFIED.,.F.,.F.,
(2,2),(0.,0.499999999999995),.UNSPECIFIED.);
#1583=B_SPLINE_CURVE_WITH_KNOTS('',1,(#3277,#3278),.UNSPECIFIED.,.F.,.F.,
(2,2),(0.,4.5),.UNSPECIFIED.);
#1584=B_SPLINE_CURVE_WITH_KNOTS('',1,(#3279,#3280),.UNSPECIFIED.,.F.,.F.,
(2,2),(0.,0.500000000000005),.UNSPECIFIED.);
#1585=B_SPLINE_CURVE_WITH_KNOTS('',1,(#3281,#3282),.UNSPECIFIED.,.F.,.F.,
(2,2),(0.,4.5),.UNSPECIFIED.);
#1586=B_SPLINE_CURVE_WITH_KNOTS('',1,(#3283,#3284),.UNSPECIFIED.,.F.,.F.,
(2,2),(0.,0.500000000000005),.UNSPECIFIED.);
#1587=B_SPLINE_CURVE_WITH_KNOTS('',1,(#3285,#3286),.UNSPECIFIED.,.F.,.F.,
(2,2),(0.,0.500000000000002),.UNSPECIFIED.);
#1588=B_SPLINE_CURVE_WITH_KNOTS('',1,(#3287,#3288),.UNSPECIFIED.,.F.,.F.,
(2,2),(0.,4.5),.UNSPECIFIED.);
#1589=B_SPLINE_CURVE_WITH_KNOTS('',1,(#3289,#3290),.UNSPECIFIED.,.F.,.F.,
(2,2),(0.,0.500000000000002),.UNSPECIFIED.);
#1590=B_SPLINE_CURVE_WITH_KNOTS('',1,(#3291,#3292),.UNSPECIFIED.,.F.,.F.,
(2,2),(0.,0.499999999999992),.UNSPECIFIED.);
#1591=B_SPLINE_CURVE_WITH_KNOTS('',1,(#3293,#3294),.UNSPECIFIED.,.F.,.F.,
(2,2),(0.,0.499999999999992),.UNSPECIFIED.);
#1592=B_SPLINE_CURVE_WITH_KNOTS('',1,(#3321,#3322),.UNSPECIFIED.,.F.,.F.,
(2,2),(0.,2.20000000000001),.UNSPECIFIED.);
#1593=B_SPLINE_CURVE_WITH_KNOTS('',1,(#3323,#3324),.UNSPECIFIED.,.F.,.F.,
(2,2),(0.,3.),.UNSPECIFIED.);
#1594=B_SPLINE_CURVE_WITH_KNOTS('',1,(#3325,#3326),.UNSPECIFIED.,.F.,.F.,
(2,2),(0.,2.2),.UNSPECIFIED.);
#1595=B_SPLINE_CURVE_WITH_KNOTS('',1,(#3327,#3328),.UNSPECIFIED.,.F.,.F.,
(2,2),(0.,3.),.UNSPECIFIED.);
#1596=B_SPLINE_CURVE_WITH_KNOTS('',1,(#3329,#3330),.UNSPECIFIED.,.F.,.F.,
(2,2),(0.,3.),.UNSPECIFIED.);
#1597=B_SPLINE_CURVE_WITH_KNOTS('',1,(#3331,#3332),.UNSPECIFIED.,.F.,.F.,
(2,2),(0.,2.19999999999997),.UNSPECIFIED.);
#1598=B_SPLINE_CURVE_WITH_KNOTS('',1,(#3333,#3334),.UNSPECIFIED.,.F.,.F.,
(2,2),(0.,3.),.UNSPECIFIED.);
#1599=B_SPLINE_CURVE_WITH_KNOTS('',1,(#3335,#3336),.UNSPECIFIED.,.F.,.F.,
(2,2),(0.,2.19999999999997),.UNSPECIFIED.);
#1600=B_SPLINE_CURVE_WITH_KNOTS('',1,(#3337,#3338),.UNSPECIFIED.,.F.,.F.,
(2,2),(0.,3.),.UNSPECIFIED.);
#1601=B_SPLINE_CURVE_WITH_KNOTS('',1,(#3339,#3340),.UNSPECIFIED.,.F.,.F.,
(2,2),(0.,2.2),.UNSPECIFIED.);
#1602=B_SPLINE_CURVE_WITH_KNOTS('',1,(#3341,#3342),.UNSPECIFIED.,.F.,.F.,
(2,2),(0.,3.),.UNSPECIFIED.);
#1603=B_SPLINE_CURVE_WITH_KNOTS('',1,(#3343,#3344),.UNSPECIFIED.,.F.,.F.,
(2,2),(0.,2.20000000000001),.UNSPECIFIED.);
#1604=B_SPLINE_CURVE_WITH_KNOTS('',1,(#3345,#3346),.UNSPECIFIED.,.F.,.F.,
(2,2),(0.,3.),.UNSPECIFIED.);
#1605=B_SPLINE_CURVE_WITH_KNOTS('',1,(#3347,#3348),.UNSPECIFIED.,.F.,.F.,
(2,2),(0.,2.20000000000004),.UNSPECIFIED.);
#1606=B_SPLINE_CURVE_WITH_KNOTS('',1,(#3349,#3350),.UNSPECIFIED.,.F.,.F.,
(2,2),(0.,3.),.UNSPECIFIED.);
#1607=B_SPLINE_CURVE_WITH_KNOTS('',1,(#3351,#3352),.UNSPECIFIED.,.F.,.F.,
(2,2),(0.,2.20000000000005),.UNSPECIFIED.);
#1608=B_SPLINE_CURVE_WITH_KNOTS('',1,(#3353,#3354),.UNSPECIFIED.,.F.,.F.,
(2,2),(-0.282842712474637,0.),.UNSPECIFIED.);
#1609=B_SPLINE_CURVE_WITH_KNOTS('',1,(#3355,#3356),.UNSPECIFIED.,.F.,.F.,
(2,2),(-0.282842712474635,0.),.UNSPECIFIED.);
#1610=B_SPLINE_CURVE_WITH_KNOTS('',1,(#3357,#3358),.UNSPECIFIED.,.F.,.F.,
(2,2),(-0.282842712474579,0.),.UNSPECIFIED.);
#1611=B_SPLINE_CURVE_WITH_KNOTS('',1,(#3359,#3360),.UNSPECIFIED.,.F.,.F.,
(2,2),(-0.282842712474584,0.),.UNSPECIFIED.);
#1612=B_SPLINE_CURVE_WITH_KNOTS('',1,(#3361,#3362),.UNSPECIFIED.,.F.,.F.,
(2,2),(-0.282842712474627,0.),.UNSPECIFIED.);
#1613=B_SPLINE_CURVE_WITH_KNOTS('',1,(#3363,#3364),.UNSPECIFIED.,.F.,.F.,
(2,2),(-0.282842712474612,0.),.UNSPECIFIED.);
#1614=B_SPLINE_CURVE_WITH_KNOTS('',1,(#3365,#3366),.UNSPECIFIED.,.F.,.F.,
(2,2),(-0.282842712474609,0.),.UNSPECIFIED.);
#1615=B_SPLINE_CURVE_WITH_KNOTS('',1,(#3367,#3368),.UNSPECIFIED.,.F.,.F.,
(2,2),(-0.282842712474609,0.),.UNSPECIFIED.);
#1616=B_SPLINE_CURVE_WITH_KNOTS('',1,(#3383,#3384),.UNSPECIFIED.,.F.,.F.,
(2,2),(0.,0.500000000000006),.UNSPECIFIED.);
#1617=B_SPLINE_CURVE_WITH_KNOTS('',1,(#3385,#3386),.UNSPECIFIED.,.F.,.F.,
(2,2),(0.,4.5),.UNSPECIFIED.);
#1618=B_SPLINE_CURVE_WITH_KNOTS('',1,(#3387,#3388),.UNSPECIFIED.,.F.,.F.,
(2,2),(0.,0.500000000000006),.UNSPECIFIED.);
#1619=B_SPLINE_CURVE_WITH_KNOTS('',1,(#3389,#3390),.UNSPECIFIED.,.F.,.F.,
(2,2),(0.,4.5),.UNSPECIFIED.);
#1620=B_SPLINE_CURVE_WITH_KNOTS('',1,(#3391,#3392),.UNSPECIFIED.,.F.,.F.,
(2,2),(0.,0.499999999999965),.UNSPECIFIED.);
#1621=B_SPLINE_CURVE_WITH_KNOTS('',1,(#3393,#3394),.UNSPECIFIED.,.F.,.F.,
(2,2),(0.,4.5),.UNSPECIFIED.);
#1622=B_SPLINE_CURVE_WITH_KNOTS('',1,(#3395,#3396),.UNSPECIFIED.,.F.,.F.,
(2,2),(0.,0.499999999999965),.UNSPECIFIED.);
#1623=B_SPLINE_CURVE_WITH_KNOTS('',1,(#3397,#3398),.UNSPECIFIED.,.F.,.F.,
(2,2),(0.,0.500000000000006),.UNSPECIFIED.);
#1624=B_SPLINE_CURVE_WITH_KNOTS('',1,(#3399,#3400),.UNSPECIFIED.,.F.,.F.,
(2,2),(0.,4.5),.UNSPECIFIED.);
#1625=B_SPLINE_CURVE_WITH_KNOTS('',1,(#3401,#3402),.UNSPECIFIED.,.F.,.F.,
(2,2),(0.,0.500000000000006),.UNSPECIFIED.);
#1626=B_SPLINE_CURVE_WITH_KNOTS('',1,(#3403,#3404),.UNSPECIFIED.,.F.,.F.,
(2,2),(0.,0.499999999999965),.UNSPECIFIED.);
#1627=B_SPLINE_CURVE_WITH_KNOTS('',1,(#3405,#3406),.UNSPECIFIED.,.F.,.F.,
(2,2),(0.,0.499999999999965),.UNSPECIFIED.);
#1628=B_SPLINE_CURVE_WITH_KNOTS('',1,(#3822,#3823),.UNSPECIFIED.,.F.,.F.,
(2,2),(0.,3.52572763150407),.UNSPECIFIED.);
#1629=B_SPLINE_CURVE_WITH_KNOTS('',1,(#3830,#3831),.UNSPECIFIED.,.F.,.F.,
(2,2),(0.,3.52572763448863),.UNSPECIFIED.);
#1630=B_SPLINE_CURVE_WITH_KNOTS('',1,(#3835,#3836),.UNSPECIFIED.,.F.,.F.,
(2,2),(0.,2.),.UNSPECIFIED.);
#1631=B_SPLINE_CURVE_WITH_KNOTS('',1,(#3860,#3861),.UNSPECIFIED.,.F.,.F.,
(2,2),(0.,3.52572763150407),.UNSPECIFIED.);
#1632=B_SPLINE_CURVE_WITH_KNOTS('',1,(#3862,#3863),.UNSPECIFIED.,.F.,.F.,
(2,2),(0.,2.),.UNSPECIFIED.);
#1633=B_SPLINE_CURVE_WITH_KNOTS('',1,(#3864,#3865),.UNSPECIFIED.,.F.,.F.,
(2,2),(0.,3.52572763448862),.UNSPECIFIED.);
#1634=B_SPLINE_CURVE_WITH_KNOTS('',1,(#3866,#3867),.UNSPECIFIED.,.F.,.F.,
(2,2),(-3.52572763448862,0.),.UNSPECIFIED.);
#1635=B_SPLINE_CURVE_WITH_KNOTS('',1,(#3868,#3869),.UNSPECIFIED.,.F.,.F.,
(2,2),(0.,2.),.UNSPECIFIED.);
#1636=B_SPLINE_CURVE_WITH_KNOTS('',1,(#3886,#3887),.UNSPECIFIED.,.F.,.F.,
(2,2),(0.,3.52572763150403),.UNSPECIFIED.);
#1637=B_SPLINE_CURVE_WITH_KNOTS('',1,(#3888,#3889),.UNSPECIFIED.,.F.,.F.,
(2,2),(0.,2.),.UNSPECIFIED.);
#1638=B_SPLINE_CURVE_WITH_KNOTS('',1,(#3890,#3891),.UNSPECIFIED.,.F.,.F.,
(2,2),(-3.52572763150403,0.),.UNSPECIFIED.);
#1639=B_SPLINE_CURVE_WITH_KNOTS('',1,(#3892,#3893),.UNSPECIFIED.,.F.,.F.,
(2,2),(0.,2.),.UNSPECIFIED.);
#1640=B_SPLINE_CURVE_WITH_KNOTS('',1,(#3920,#3921),.UNSPECIFIED.,.F.,.F.,
(2,2),(0.,3.52572763448863),.UNSPECIFIED.);
#1641=B_SPLINE_CURVE_WITH_KNOTS('',1,(#3922,#3923),.UNSPECIFIED.,.F.,.F.,
(2,2),(-3.52572763448863,0.),.UNSPECIFIED.);
#1642=B_SPLINE_CURVE_WITH_KNOTS('',1,(#3924,#3925),.UNSPECIFIED.,.F.,.F.,
(2,2),(0.,2.),.UNSPECIFIED.);
#1643=B_SPLINE_CURVE_WITH_KNOTS('',1,(#3948,#3949),.UNSPECIFIED.,.F.,.F.,
(2,2),(0.,3.52572763150402),.UNSPECIFIED.);
#1644=B_SPLINE_CURVE_WITH_KNOTS('',1,(#3950,#3951),.UNSPECIFIED.,.F.,.F.,
(2,2),(0.,2.),.UNSPECIFIED.);
#1645=B_SPLINE_CURVE_WITH_KNOTS('',1,(#3952,#3953),.UNSPECIFIED.,.F.,.F.,
(2,2),(-3.52572763150402,0.),.UNSPECIFIED.);
#1646=B_SPLINE_CURVE_WITH_KNOTS('',1,(#3954,#3955),.UNSPECIFIED.,.F.,.F.,
(2,2),(0.,2.),.UNSPECIFIED.);
#1647=B_SPLINE_CURVE_WITH_KNOTS('',1,(#3982,#3983),.UNSPECIFIED.,.F.,.F.,
(2,2),(0.,3.52572763448863),.UNSPECIFIED.);
#1648=B_SPLINE_CURVE_WITH_KNOTS('',1,(#3984,#3985),.UNSPECIFIED.,.F.,.F.,
(2,2),(0.,2.),.UNSPECIFIED.);
#1649=TRIMMED_CURVE($,#1770,(#2897),(#2898),.T.,.CARTESIAN.);
#1650=TRIMMED_CURVE($,#1771,(#2900),(#2901),.T.,.CARTESIAN.);
#1651=TRIMMED_CURVE($,#1772,(#2903),(#2904),.T.,.CARTESIAN.);
#1652=TRIMMED_CURVE($,#1773,(#2906),(#2907),.T.,.CARTESIAN.);
#1653=TRIMMED_CURVE($,#1774,(#2911),(#2912),.T.,.CARTESIAN.);
#1654=TRIMMED_CURVE($,#1775,(#2916),(#2917),.T.,.CARTESIAN.);
#1655=TRIMMED_CURVE($,#1776,(#2921),(#2922),.T.,.CARTESIAN.);
#1656=TRIMMED_CURVE($,#1777,(#2926),(#2927),.T.,.CARTESIAN.);
#1657=TRIMMED_CURVE($,#1778,(#2945),(#2946),.T.,.CARTESIAN.);
#1658=TRIMMED_CURVE($,#1779,(#2950),(#2951),.T.,.CARTESIAN.);
#1659=TRIMMED_CURVE($,#1780,(#2953),(#2954),.T.,.CARTESIAN.);
#1660=TRIMMED_CURVE($,#1781,(#2958),(#2959),.T.,.CARTESIAN.);
#1661=TRIMMED_CURVE($,#1782,(#2963),(#2964),.T.,.CARTESIAN.);
#1662=TRIMMED_CURVE($,#1783,(#2966),(#2967),.T.,.CARTESIAN.);
#1663=TRIMMED_CURVE($,#1784,(#2969),(#2970),.T.,.CARTESIAN.);
#1664=TRIMMED_CURVE($,#1785,(#2972),(#2973),.T.,.CARTESIAN.);
#1665=TRIMMED_CURVE($,#1786,(#2983),(#2984),.T.,.CARTESIAN.);
#1666=TRIMMED_CURVE($,#1787,(#2988),(#2989),.T.,.CARTESIAN.);
#1667=TRIMMED_CURVE($,#1788,(#2993),(#2994),.T.,.CARTESIAN.);
#1668=TRIMMED_CURVE($,#1789,(#2996),(#2997),.T.,.CARTESIAN.);
#1669=TRIMMED_CURVE($,#1790,(#3013),(#3014),.T.,.CARTESIAN.);
#1670=TRIMMED_CURVE($,#1791,(#3018),(#3019),.T.,.CARTESIAN.);
#1671=TRIMMED_CURVE($,#1792,(#3021),(#3022),.T.,.CARTESIAN.);
#1672=TRIMMED_CURVE($,#1793,(#3024),(#3025),.T.,.CARTESIAN.);
#1673=TRIMMED_CURVE($,#1794,(#3031),(#3032),.T.,.CARTESIAN.);
#1674=TRIMMED_CURVE($,#1795,(#3034),(#3035),.T.,.CARTESIAN.);
#1675=TRIMMED_CURVE($,#1796,(#3039),(#3040),.T.,.CARTESIAN.);
#1676=TRIMMED_CURVE($,#1797,(#3042),(#3043),.T.,.CARTESIAN.);
#1677=TRIMMED_CURVE($,#1798,(#3058),(#3059),.T.,.CARTESIAN.);
#1678=TRIMMED_CURVE($,#1799,(#3063),(#3064),.T.,.CARTESIAN.);
#1679=TRIMMED_CURVE($,#1800,(#3066),(#3067),.T.,.CARTESIAN.);
#1680=TRIMMED_CURVE($,#1801,(#3069),(#3070),.T.,.CARTESIAN.);
#1681=TRIMMED_CURVE($,#1802,(#3485),(#3486),.T.,.CARTESIAN.);
#1682=TRIMMED_CURVE($,#1803,(#3490),(#3491),.T.,.CARTESIAN.);
#1683=TRIMMED_CURVE($,#1804,(#3495),(#3496),.T.,.CARTESIAN.);
#1684=TRIMMED_CURVE($,#1805,(#3500),(#3501),.T.,.CARTESIAN.);
#1685=TRIMMED_CURVE($,#1806,(#3503),(#3504),.T.,.CARTESIAN.);
#1686=TRIMMED_CURVE($,#1807,(#3508),(#3509),.T.,.CARTESIAN.);
#1687=TRIMMED_CURVE($,#1808,(#3513),(#3514),.T.,.CARTESIAN.);
#1688=TRIMMED_CURVE($,#1809,(#3518),(#3519),.T.,.CARTESIAN.);
#1689=TRIMMED_CURVE($,#1810,(#3523),(#3524),.T.,.CARTESIAN.);
#1690=TRIMMED_CURVE($,#1811,(#3528),(#3529),.T.,.CARTESIAN.);
#1691=TRIMMED_CURVE($,#1812,(#3533),(#3534),.T.,.CARTESIAN.);
#1692=TRIMMED_CURVE($,#1813,(#3538),(#3539),.T.,.CARTESIAN.);
#1693=TRIMMED_CURVE($,#1814,(#3543),(#3544),.T.,.CARTESIAN.);
#1694=TRIMMED_CURVE($,#1815,(#3546),(#3547),.T.,.CARTESIAN.);
#1695=TRIMMED_CURVE($,#1816,(#3549),(#3550),.T.,.CARTESIAN.);
#1696=TRIMMED_CURVE($,#1817,(#3552),(#3553),.T.,.CARTESIAN.);
#1697=TRIMMED_CURVE($,#1818,(#3555),(#3556),.T.,.CARTESIAN.);
#1698=TRIMMED_CURVE($,#1819,(#3558),(#3559),.T.,.CARTESIAN.);
#1699=TRIMMED_CURVE($,#1820,(#3561),(#3562),.T.,.CARTESIAN.);
#1700=TRIMMED_CURVE($,#1821,(#3564),(#3565),.T.,.CARTESIAN.);
#1701=TRIMMED_CURVE($,#1822,(#3567),(#3568),.T.,.CARTESIAN.);
#1702=TRIMMED_CURVE($,#1823,(#3570),(#3571),.T.,.CARTESIAN.);
#1703=TRIMMED_CURVE($,#1824,(#3573),(#3574),.T.,.CARTESIAN.);
#1704=TRIMMED_CURVE($,#1825,(#3576),(#3577),.T.,.CARTESIAN.);
#1705=TRIMMED_CURVE($,#1826,(#3579),(#3580),.T.,.CARTESIAN.);
#1706=TRIMMED_CURVE($,#1827,(#3582),(#3583),.T.,.CARTESIAN.);
#1707=TRIMMED_CURVE($,#1828,(#3585),(#3586),.T.,.CARTESIAN.);
#1708=TRIMMED_CURVE($,#1829,(#3588),(#3589),.T.,.CARTESIAN.);
#1709=TRIMMED_CURVE($,#1830,(#3607),(#3608),.T.,.CARTESIAN.);
#1710=TRIMMED_CURVE($,#1831,(#3612),(#3613),.T.,.CARTESIAN.);
#1711=TRIMMED_CURVE($,#1832,(#3617),(#3618),.T.,.CARTESIAN.);
#1712=TRIMMED_CURVE($,#1833,(#3622),(#3623),.T.,.CARTESIAN.);
#1713=TRIMMED_CURVE($,#1834,(#3625),(#3626),.T.,.CARTESIAN.);
#1714=TRIMMED_CURVE($,#1835,(#3628),(#3629),.T.,.CARTESIAN.);
#1715=TRIMMED_CURVE($,#1836,(#3631),(#3632),.T.,.CARTESIAN.);
#1716=TRIMMED_CURVE($,#1837,(#3634),(#3635),.T.,.CARTESIAN.);
#1717=TRIMMED_CURVE($,#1838,(#3805),(#3806),.T.,.CARTESIAN.);
#1718=TRIMMED_CURVE($,#1839,(#3810),(#3811),.T.,.CARTESIAN.);
#1719=TRIMMED_CURVE($,#1840,(#3815),(#3816),.T.,.CARTESIAN.);
#1720=TRIMMED_CURVE($,#1841,(#3820),(#3821),.T.,.CARTESIAN.);
#1721=TRIMMED_CURVE($,#1842,(#3825),(#3826),.T.,.CARTESIAN.);
#1722=TRIMMED_CURVE($,#1843,(#3828),(#3829),.T.,.CARTESIAN.);
#1723=TRIMMED_CURVE($,#1844,(#3833),(#3834),.T.,.CARTESIAN.);
#1724=TRIMMED_CURVE($,#1845,(#3851),(#3852),.T.,.CARTESIAN.);
#1725=TRIMMED_CURVE($,#1846,(#3856),(#3857),.T.,.CARTESIAN.);
#1726=TRIMMED_CURVE($,#1847,(#3871),(#3872),.T.,.CARTESIAN.);
#1727=TRIMMED_CURVE($,#1848,(#3874),(#3875),.T.,.CARTESIAN.);
#1728=TRIMMED_CURVE($,#1849,(#3879),(#3880),.T.,.CARTESIAN.);
#1729=TRIMMED_CURVE($,#1850,(#3882),(#3883),.T.,.CARTESIAN.);
#1730=TRIMMED_CURVE($,#1851,(#3895),(#3896),.T.,.CARTESIAN.);
#1731=TRIMMED_CURVE($,#1852,(#3911),(#3912),.T.,.CARTESIAN.);
#1732=TRIMMED_CURVE($,#1853,(#3916),(#3917),.T.,.CARTESIAN.);
#1733=TRIMMED_CURVE($,#1854,(#3927),(#3928),.T.,.CARTESIAN.);
#1734=TRIMMED_CURVE($,#1855,(#3930),(#3931),.T.,.CARTESIAN.);
#1735=TRIMMED_CURVE($,#1856,(#3935),(#3936),.T.,.CARTESIAN.);
#1736=TRIMMED_CURVE($,#1857,(#3938),(#3939),.T.,.CARTESIAN.);
#1737=TRIMMED_CURVE($,#1858,(#3943),(#3944),.T.,.CARTESIAN.);
#1738=TRIMMED_CURVE($,#1859,(#3946),(#3947),.T.,.CARTESIAN.);
#1739=TRIMMED_CURVE($,#1860,(#3959),(#3960),.T.,.CARTESIAN.);
#1740=TRIMMED_CURVE($,#1861,(#3964),(#3965),.T.,.CARTESIAN.);
#1741=TRIMMED_CURVE($,#1862,(#3980),(#3981),.T.,.CARTESIAN.);
#1742=TRIMMED_CURVE($,#1863,(#3989),(#3990),.T.,.CARTESIAN.);
#1743=TRIMMED_CURVE($,#1864,(#3992),(#3993),.T.,.CARTESIAN.);
#1744=TRIMMED_CURVE($,#1865,(#3997),(#3998),.T.,.CARTESIAN.);
#1745=TRIMMED_CURVE($,#1866,(#4000),(#4001),.T.,.CARTESIAN.);
#1746=TRIMMED_CURVE($,#1867,(#4003),(#4004),.T.,.CARTESIAN.);
#1747=TRIMMED_CURVE($,#1868,(#4006),(#4007),.T.,.CARTESIAN.);
#1748=TRIMMED_CURVE($,#1869,(#4009),(#4010),.T.,.CARTESIAN.);
#1749=TRIMMED_CURVE($,#1870,(#4012),(#4013),.T.,.CARTESIAN.);
#1750=TRIMMED_CURVE($,#1871,(#4015),(#4016),.T.,.CARTESIAN.);
#1751=TRIMMED_CURVE($,#1872,(#4018),(#4019),.T.,.CARTESIAN.);
#1752=TRIMMED_CURVE($,#1873,(#4021),(#4022),.T.,.CARTESIAN.);
#1753=TRIMMED_CURVE($,#1874,(#4024),(#4025),.T.,.CARTESIAN.);
#1754=TRIMMED_CURVE($,#1875,(#4027),(#4028),.T.,.CARTESIAN.);
#1755=TRIMMED_CURVE($,#1876,(#4032),(#4033),.T.,.CARTESIAN.);
#1756=TRIMMED_CURVE($,#1877,(#4037),(#4038),.T.,.CARTESIAN.);
#1757=TRIMMED_CURVE($,#1878,(#4042),(#4043),.T.,.CARTESIAN.);
#1758=TRIMMED_CURVE($,#1879,(#4047),(#4048),.T.,.CARTESIAN.);
#1759=TRIMMED_CURVE($,#1880,(#4050),(#4051),.T.,.CARTESIAN.);
#1760=TRIMMED_CURVE($,#1881,(#4053),(#4054),.T.,.CARTESIAN.);
#1761=TRIMMED_CURVE($,#1882,(#4056),(#4057),.T.,.CARTESIAN.);
#1762=TRIMMED_CURVE($,#1883,(#4059),(#4060),.T.,.CARTESIAN.);
#1763=TRIMMED_CURVE($,#1884,(#4062),(#4063),.T.,.CARTESIAN.);
#1764=TRIMMED_CURVE($,#1885,(#4065),(#4066),.T.,.CARTESIAN.);
#1765=TRIMMED_CURVE($,#1886,(#4068),(#4069),.T.,.CARTESIAN.);
#1766=TRIMMED_CURVE($,#1887,(#4071),(#4072),.T.,.CARTESIAN.);
#1767=TRIMMED_CURVE($,#1888,(#4076),(#4077),.T.,.CARTESIAN.);
#1768=TRIMMED_CURVE($,#1889,(#4079),(#4080),.T.,.CARTESIAN.);
#1769=TRIMMED_CURVE($,#1890,(#4082),(#4083),.T.,.CARTESIAN.);
#1770=CIRCLE('',#2254,2.1);
#1771=CIRCLE('',#2255,1.6);
#1772=CIRCLE('',#2256,2.1);
#1773=CIRCLE('',#2257,1.6);
#1774=CIRCLE('',#2258,2.1);
#1775=CIRCLE('',#2259,2.1);
#1776=CIRCLE('',#2260,1.6);
#1777=CIRCLE('',#2261,1.6);
#1778=CIRCLE('',#2268,4.7);
#1779=CIRCLE('',#2269,4.7);
#1780=CIRCLE('',#2270,1.6);
#1781=CIRCLE('',#2271,1.6);
#1782=CIRCLE('',#2272,4.7);
#1783=CIRCLE('',#2273,4.7);
#1784=CIRCLE('',#2274,1.6);
#1785=CIRCLE('',#2275,1.6);
#1786=CIRCLE('',#2280,2.52);
#1787=CIRCLE('',#2281,2.52);
#1788=CIRCLE('',#2282,2.52);
#1789=CIRCLE('',#2283,2.52);
#1790=CIRCLE('',#2290,3.5);
#1791=CIRCLE('',#2291,3.5);
#1792=CIRCLE('',#2292,2.55);
#1793=CIRCLE('',#2293,2.55);
#1794=CIRCLE('',#2294,3.5);
#1795=CIRCLE('',#2295,3.5);
#1796=CIRCLE('',#2296,2.55);
#1797=CIRCLE('',#2297,2.55);
#1798=CIRCLE('',#2302,11.);
#1799=CIRCLE('',#2303,11.);
#1800=CIRCLE('',#2304,11.);
#1801=CIRCLE('',#2305,11.);
#1802=CIRCLE('',#2373,10.);
#1803=CIRCLE('',#2374,10.);
#1804=CIRCLE('',#2375,14.);
#1805=CIRCLE('',#2376,14.);
#1806=CIRCLE('',#2377,0.999999999999998);
#1807=CIRCLE('',#2378,0.999999999999997);
#1808=CIRCLE('',#2379,1.);
#1809=CIRCLE('',#2380,1.);
#1810=CIRCLE('',#2381,1.);
#1811=CIRCLE('',#2382,0.999999999999998);
#1812=CIRCLE('',#2383,2.);
#1813=CIRCLE('',#2384,2.);
#1814=CIRCLE('',#2385,0.0999999999999854);
#1815=CIRCLE('',#2386,13.9);
#1816=CIRCLE('',#2387,0.0999999999999659);
#1817=CIRCLE('',#2388,10.);
#1818=CIRCLE('',#2389,10.);
#1819=CIRCLE('',#2390,14.);
#1820=CIRCLE('',#2391,14.);
#1821=CIRCLE('',#2392,0.999999999999998);
#1822=CIRCLE('',#2393,0.999999999999997);
#1823=CIRCLE('',#2394,1.);
#1824=CIRCLE('',#2395,1.);
#1825=CIRCLE('',#2396,0.999999999999997);
#1826=CIRCLE('',#2397,1.);
#1827=CIRCLE('',#2398,2.);
#1828=CIRCLE('',#2399,2.);
#1829=CIRCLE('',#2400,13.9);
#1830=CIRCLE('',#2407,2.1);
#1831=CIRCLE('',#2408,2.1);
#1832=CIRCLE('',#2409,1.6);
#1833=CIRCLE('',#2410,1.6);
#1834=CIRCLE('',#2411,2.1);
#1835=CIRCLE('',#2412,2.1);
#1836=CIRCLE('',#2413,1.6);
#1837=CIRCLE('',#2414,1.6);
#1838=CIRCLE('',#2447,14.);
#1839=CIRCLE('',#2448,14.);
#1840=CIRCLE('',#2449,13.2);
#1841=CIRCLE('',#2450,13.2);
#1842=CIRCLE('',#2451,1.49999999999998);
#1843=CIRCLE('',#2452,1.49999999999999);
#1844=CIRCLE('',#2453,1.49999999999995);
#1845=CIRCLE('',#2454,1.50000000000001);
#1846=CIRCLE('',#2455,12.8000000000027);
#1847=CIRCLE('',#2456,1.50000000000002);
#1848=CIRCLE('',#2457,1.49999999999999);
#1849=CIRCLE('',#2458,6.45000000000004);
#1850=CIRCLE('',#2459,6.45000000000004);
#1851=CIRCLE('',#2460,1.50000000000001);
#1852=CIRCLE('',#2461,1.5);
#1853=CIRCLE('',#2462,12.8000000000027);
#1854=CIRCLE('',#2463,1.50000000000002);
#1855=CIRCLE('',#2464,1.5);
#1856=CIRCLE('',#2465,6.45000000000003);
#1857=CIRCLE('',#2466,6.45000000000003);
#1858=CIRCLE('',#2467,1.5);
#1859=CIRCLE('',#2468,1.50000000000003);
#1860=CIRCLE('',#2469,12.8000000000027);
#1861=CIRCLE('',#2470,1.50000000000002);
#1862=CIRCLE('',#2471,1.49999999999997);
#1863=CIRCLE('',#2472,6.45000000000004);
#1864=CIRCLE('',#2473,6.45000000000004);
#1865=CIRCLE('',#2474,1.49999999999999);
#1866=CIRCLE('',#2475,1.50000000000002);
#1867=CIRCLE('',#2476,12.8000000000023);
#1868=CIRCLE('',#2477,12.8000000000027);
#1869=CIRCLE('',#2478,12.8000000000019);
#1870=CIRCLE('',#2479,12.8000000000027);
#1871=CIRCLE('',#2480,12.8000000000028);
#1872=CIRCLE('',#2481,12.800000000002);
#1873=CIRCLE('',#2482,1.50000000000001);
#1874=CIRCLE('',#2483,1.5);
#1875=CIRCLE('',#2484,1.);
#1876=CIRCLE('',#2485,1.);
#1877=CIRCLE('',#2486,1.);
#1878=CIRCLE('',#2487,1.);
#1879=CIRCLE('',#2488,14.);
#1880=CIRCLE('',#2489,14.);
#1881=CIRCLE('',#2490,13.2);
#1882=CIRCLE('',#2491,13.2);
#1883=CIRCLE('',#2492,1.);
#1884=CIRCLE('',#2493,1.);
#1885=CIRCLE('',#2494,0.999999999999998);
#1886=CIRCLE('',#2495,1.);
#1887=CIRCLE('',#2496,0.999999999999998);
#1888=CIRCLE('',#2497,0.999999999999998);
#1889=CIRCLE('',#2498,1.);
#1890=CIRCLE('',#2499,0.999999999999999);
#1891=VERTEX_POINT('',#2888);
#1892=VERTEX_POINT('',#2889);
#1893=VERTEX_POINT('',#2890);
#1894=VERTEX_POINT('',#2891);
#1895=VERTEX_POINT('',#2892);
#1896=VERTEX_POINT('',#2893);
#1897=VERTEX_POINT('',#2894);
#1898=VERTEX_POINT('',#2895);
#1899=VERTEX_POINT('',#2934);
#1900=VERTEX_POINT('',#2935);
#1901=VERTEX_POINT('',#2936);
#1902=VERTEX_POINT('',#2937);
#1903=VERTEX_POINT('',#2938);
#1904=VERTEX_POINT('',#2939);
#1905=VERTEX_POINT('',#2940);
#1906=VERTEX_POINT('',#2941);
#1907=VERTEX_POINT('',#2978);
#1908=VERTEX_POINT('',#2979);
#1909=VERTEX_POINT('',#2980);
#1910=VERTEX_POINT('',#2981);
#1911=VERTEX_POINT('',#3004);
#1912=VERTEX_POINT('',#3005);
#1913=VERTEX_POINT('',#3006);
#1914=VERTEX_POINT('',#3007);
#1915=VERTEX_POINT('',#3008);
#1916=VERTEX_POINT('',#3009);
#1917=VERTEX_POINT('',#3010);
#1918=VERTEX_POINT('',#3011);
#1919=VERTEX_POINT('',#3051);
#1920=VERTEX_POINT('',#3052);
#1921=VERTEX_POINT('',#3053);
#1922=VERTEX_POINT('',#3054);
#1923=VERTEX_POINT('',#3081);
#1924=VERTEX_POINT('',#3082);
#1925=VERTEX_POINT('',#3083);
#1926=VERTEX_POINT('',#3084);
#1927=VERTEX_POINT('',#3085);
#1928=VERTEX_POINT('',#3086);
#1929=VERTEX_POINT('',#3087);
#1930=VERTEX_POINT('',#3088);
#1931=VERTEX_POINT('',#3089);
#1932=VERTEX_POINT('',#3090);
#1933=VERTEX_POINT('',#3091);
#1934=VERTEX_POINT('',#3092);
#1935=VERTEX_POINT('',#3093);
#1936=VERTEX_POINT('',#3094);
#1937=VERTEX_POINT('',#3095);
#1938=VERTEX_POINT('',#3096);
#1939=VERTEX_POINT('',#3151);
#1940=VERTEX_POINT('',#3152);
#1941=VERTEX_POINT('',#3153);
#1942=VERTEX_POINT('',#3154);
#1943=VERTEX_POINT('',#3155);
#1944=VERTEX_POINT('',#3156);
#1945=VERTEX_POINT('',#3157);
#1946=VERTEX_POINT('',#3158);
#1947=VERTEX_POINT('',#3193);
#1948=VERTEX_POINT('',#3194);
#1949=VERTEX_POINT('',#3195);
#1950=VERTEX_POINT('',#3196);
#1951=VERTEX_POINT('',#3197);
#1952=VERTEX_POINT('',#3198);
#1953=VERTEX_POINT('',#3199);
#1954=VERTEX_POINT('',#3200);
#1955=VERTEX_POINT('',#3201);
#1956=VERTEX_POINT('',#3202);
#1957=VERTEX_POINT('',#3203);
#1958=VERTEX_POINT('',#3204);
#1959=VERTEX_POINT('',#3205);
#1960=VERTEX_POINT('',#3206);
#1961=VERTEX_POINT('',#3207);
#1962=VERTEX_POINT('',#3208);
#1963=VERTEX_POINT('',#3263);
#1964=VERTEX_POINT('',#3264);
#1965=VERTEX_POINT('',#3265);
#1966=VERTEX_POINT('',#3266);
#1967=VERTEX_POINT('',#3267);
#1968=VERTEX_POINT('',#3268);
#1969=VERTEX_POINT('',#3269);
#1970=VERTEX_POINT('',#3270);
#1971=VERTEX_POINT('',#3305);
#1972=VERTEX_POINT('',#3306);
#1973=VERTEX_POINT('',#3307);
#1974=VERTEX_POINT('',#3308);
#1975=VERTEX_POINT('',#3309);
#1976=VERTEX_POINT('',#3310);
#1977=VERTEX_POINT('',#3311);
#1978=VERTEX_POINT('',#3312);
#1979=VERTEX_POINT('',#3313);
#1980=VERTEX_POINT('',#3314);
#1981=VERTEX_POINT('',#3315);
#1982=VERTEX_POINT('',#3316);
#1983=VERTEX_POINT('',#3317);
#1984=VERTEX_POINT('',#3318);
#1985=VERTEX_POINT('',#3319);
#1986=VERTEX_POINT('',#3320);
#1987=VERTEX_POINT('',#3375);
#1988=VERTEX_POINT('',#3376);
#1989=VERTEX_POINT('',#3377);
#1990=VERTEX_POINT('',#3378);
#1991=VERTEX_POINT('',#3379);
#1992=VERTEX_POINT('',#3380);
#1993=VERTEX_POINT('',#3381);
#1994=VERTEX_POINT('',#3382);
#1995=VERTEX_POINT('',#3456);
#1996=VERTEX_POINT('',#3457);
#1997=VERTEX_POINT('',#3458);
#1998=VERTEX_POINT('',#3459);
#1999=VERTEX_POINT('',#3460);
#2000=VERTEX_POINT('',#3461);
#2001=VERTEX_POINT('',#3462);
#2002=VERTEX_POINT('',#3463);
#2003=VERTEX_POINT('',#3464);
#2004=VERTEX_POINT('',#3465);
#2005=VERTEX_POINT('',#3466);
#2006=VERTEX_POINT('',#3467);
#2007=VERTEX_POINT('',#3468);
#2008=VERTEX_POINT('',#3469);
#2009=VERTEX_POINT('',#3470);
#2010=VERTEX_POINT('',#3471);
#2011=VERTEX_POINT('',#3472);
#2012=VERTEX_POINT('',#3473);
#2013=VERTEX_POINT('',#3474);
#2014=VERTEX_POINT('',#3475);
#2015=VERTEX_POINT('',#3476);
#2016=VERTEX_POINT('',#3477);
#2017=VERTEX_POINT('',#3478);
#2018=VERTEX_POINT('',#3479);
#2019=VERTEX_POINT('',#3480);
#2020=VERTEX_POINT('',#3481);
#2021=VERTEX_POINT('',#3596);
#2022=VERTEX_POINT('',#3597);
#2023=VERTEX_POINT('',#3598);
#2024=VERTEX_POINT('',#3599);
#2025=VERTEX_POINT('',#3600);
#2026=VERTEX_POINT('',#3601);
#2027=VERTEX_POINT('',#3602);
#2028=VERTEX_POINT('',#3603);
#2029=VERTEX_POINT('',#3734);
#2030=VERTEX_POINT('',#3735);
#2031=VERTEX_POINT('',#3736);
#2032=VERTEX_POINT('',#3737);
#2033=VERTEX_POINT('',#3738);
#2034=VERTEX_POINT('',#3739);
#2035=VERTEX_POINT('',#3740);
#2036=VERTEX_POINT('',#3741);
#2037=VERTEX_POINT('',#3742);
#2038=VERTEX_POINT('',#3743);
#2039=VERTEX_POINT('',#3744);
#2040=VERTEX_POINT('',#3745);
#2041=VERTEX_POINT('',#3746);
#2042=VERTEX_POINT('',#3747);
#2043=VERTEX_POINT('',#3748);
#2044=VERTEX_POINT('',#3749);
#2045=VERTEX_POINT('',#3750);
#2046=VERTEX_POINT('',#3751);
#2047=VERTEX_POINT('',#3752);
#2048=VERTEX_POINT('',#3753);
#2049=VERTEX_POINT('',#3754);
#2050=VERTEX_POINT('',#3755);
#2051=VERTEX_POINT('',#3756);
#2052=VERTEX_POINT('',#3757);
#2053=VERTEX_POINT('',#3758);
#2054=VERTEX_POINT('',#3759);
#2055=VERTEX_POINT('',#3760);
#2056=VERTEX_POINT('',#3761);
#2057=VERTEX_POINT('',#3762);
#2058=VERTEX_POINT('',#3763);
#2059=VERTEX_POINT('',#3764);
#2060=VERTEX_POINT('',#3765);
#2061=VERTEX_POINT('',#3766);
#2062=VERTEX_POINT('',#3767);
#2063=VERTEX_POINT('',#3768);
#2064=VERTEX_POINT('',#3769);
#2065=VERTEX_POINT('',#3770);
#2066=VERTEX_POINT('',#3771);
#2067=VERTEX_POINT('',#3772);
#2068=VERTEX_POINT('',#3773);
#2069=VERTEX_POINT('',#3774);
#2070=VERTEX_POINT('',#3775);
#2071=VERTEX_POINT('',#3776);
#2072=VERTEX_POINT('',#3777);
#2073=VERTEX_POINT('',#3778);
#2074=VERTEX_POINT('',#3779);
#2075=VERTEX_POINT('',#3780);
#2076=VERTEX_POINT('',#3781);
#2077=VERTEX_POINT('',#3782);
#2078=VERTEX_POINT('',#3783);
#2079=VERTEX_POINT('',#3784);
#2080=VERTEX_POINT('',#3785);
#2081=VERTEX_POINT('',#3786);
#2082=VERTEX_POINT('',#3787);
#2083=VERTEX_POINT('',#3788);
#2084=VERTEX_POINT('',#3789);
#2085=VERTEX_POINT('',#3790);
#2086=VERTEX_POINT('',#3791);
#2087=VERTEX_POINT('',#3792);
#2088=VERTEX_POINT('',#3793);
#2089=VERTEX_POINT('',#3794);
#2090=VERTEX_POINT('',#3795);
#2091=VERTEX_POINT('',#3796);
#2092=VERTEX_POINT('',#3797);
#2093=VERTEX_POINT('',#3798);
#2094=VERTEX_POINT('',#3799);
#2095=VERTEX_POINT('',#3800);
#2096=VERTEX_POINT('',#3801);
#2097=CYLINDRICAL_SURFACE('',#2249,2.1);
#2098=CYLINDRICAL_SURFACE('',#2250,2.1);
#2099=CYLINDRICAL_SURFACE('',#2251,1.6);
#2100=CYLINDRICAL_SURFACE('',#2252,1.6);
#2101=CYLINDRICAL_SURFACE('',#2262,4.7);
#2102=CYLINDRICAL_SURFACE('',#2265,1.6);
#2103=CYLINDRICAL_SURFACE('',#2266,4.7);
#2104=CYLINDRICAL_SURFACE('',#2267,1.6);
#2105=CYLINDRICAL_SURFACE('',#2276,2.52);
#2106=CYLINDRICAL_SURFACE('',#2279,2.52);
#2107=CYLINDRICAL_SURFACE('',#2284,3.5);
#2108=CYLINDRICAL_SURFACE('',#2287,2.55);
#2109=CYLINDRICAL_SURFACE('',#2288,3.5);
#2110=CYLINDRICAL_SURFACE('',#2289,2.55);
#2111=CYLINDRICAL_SURFACE('',#2298,11.);
#2112=CYLINDRICAL_SURFACE('',#2301,11.);
#2113=CYLINDRICAL_SURFACE('',#2354,10.);
#2114=CYLINDRICAL_SURFACE('',#2356,14.);
#2115=CYLINDRICAL_SURFACE('',#2359,1.);
#2116=CYLINDRICAL_SURFACE('',#2361,1.);
#2117=CYLINDRICAL_SURFACE('',#2363,0.99999999999999);
#2118=CYLINDRICAL_SURFACE('',#2365,2.);
#2119=CYLINDRICAL_SURFACE('',#2367,10.);
#2120=CYLINDRICAL_SURFACE('',#2368,14.);
#2121=CYLINDRICAL_SURFACE('',#2369,0.999999999999998);
#2122=CYLINDRICAL_SURFACE('',#2370,0.999999999999996);
#2123=CYLINDRICAL_SURFACE('',#2371,1.00000000000001);
#2124=CYLINDRICAL_SURFACE('',#2372,2.);
#2125=CYLINDRICAL_SURFACE('',#2401,2.1);
#2126=CYLINDRICAL_SURFACE('',#2402,1.6);
#2127=CYLINDRICAL_SURFACE('',#2405,2.1);
#2128=CYLINDRICAL_SURFACE('',#2406,1.6);
#2129=CYLINDRICAL_SURFACE('',#2415,14.);
#2130=CYLINDRICAL_SURFACE('',#2418,13.2);
#2131=CYLINDRICAL_SURFACE('',#2422,1.5);
#2132=CYLINDRICAL_SURFACE('',#2423,6.45000000000002);
#2133=CYLINDRICAL_SURFACE('',#2424,1.49999999999999);
#2134=CYLINDRICAL_SURFACE('',#2427,1.50000000000001);
#2135=CYLINDRICAL_SURFACE('',#2428,6.45000000000002);
#2136=CYLINDRICAL_SURFACE('',#2429,1.5);
#2137=CYLINDRICAL_SURFACE('',#2432,1.50000000000001);
#2138=CYLINDRICAL_SURFACE('',#2433,6.45000000000002);
#2139=CYLINDRICAL_SURFACE('',#2434,1.5);
#2140=CYLINDRICAL_SURFACE('',#2435,12.8000000000026);
#2141=CYLINDRICAL_SURFACE('',#2436,12.8000000000026);
#2142=CYLINDRICAL_SURFACE('',#2437,12.8000000000026);
#2143=CYLINDRICAL_SURFACE('',#2439,1.);
#2144=CYLINDRICAL_SURFACE('',#2440,0.999999999999998);
#2145=CYLINDRICAL_SURFACE('',#2441,14.);
#2146=CYLINDRICAL_SURFACE('',#2442,13.2);
#2147=CYLINDRICAL_SURFACE('',#2443,1.);
#2148=CYLINDRICAL_SURFACE('',#2444,1.);
#2149=CYLINDRICAL_SURFACE('',#2445,1.);
#2150=CYLINDRICAL_SURFACE('',#2446,1.);
#2151=PLANE('',#2248);
#2152=PLANE('',#2253);
#2153=PLANE('',#2263);
#2154=PLANE('',#2264);
#2155=PLANE('',#2277);
#2156=PLANE('',#2278);
#2157=PLANE('',#2285);
#2158=PLANE('',#2286);
#2159=PLANE('',#2299);
#2160=PLANE('',#2300);
#2161=PLANE('',#2306);
#2162=PLANE('',#2307);
#2163=PLANE('',#2308);
#2164=PLANE('',#2309);
#2165=PLANE('',#2310);
#2166=PLANE('',#2311);
#2167=PLANE('',#2312);
#2168=PLANE('',#2313);
#2169=PLANE('',#2314);
#2170=PLANE('',#2315);
#2171=PLANE('',#2316);
#2172=PLANE('',#2317);
#2173=PLANE('',#2318);
#2174=PLANE('',#2319);
#2175=PLANE('',#2320);
#2176=PLANE('',#2321);
#2177=PLANE('',#2322);
#2178=PLANE('',#2323);
#2179=PLANE('',#2324);
#2180=PLANE('',#2325);
#2181=PLANE('',#2326);
#2182=PLANE('',#2327);
#2183=PLANE('',#2328);
#2184=PLANE('',#2329);
#2185=PLANE('',#2330);
#2186=PLANE('',#2331);
#2187=PLANE('',#2332);
#2188=PLANE('',#2333);
#2189=PLANE('',#2334);
#2190=PLANE('',#2335);
#2191=PLANE('',#2336);
#2192=PLANE('',#2337);
#2193=PLANE('',#2338);
#2194=PLANE('',#2339);
#2195=PLANE('',#2340);
#2196=PLANE('',#2341);
#2197=PLANE('',#2342);
#2198=PLANE('',#2343);
#2199=PLANE('',#2344);
#2200=PLANE('',#2345);
#2201=PLANE('',#2346);
#2202=PLANE('',#2347);
#2203=PLANE('',#2348);
#2204=PLANE('',#2349);
#2205=PLANE('',#2350);
#2206=PLANE('',#2351);
#2207=PLANE('',#2352);
#2208=PLANE('',#2353);
#2209=PLANE('',#2355);
#2210=PLANE('',#2357);
#2211=PLANE('',#2358);
#2212=PLANE('',#2360);
#2213=PLANE('',#2362);
#2214=PLANE('',#2364);
#2215=PLANE('',#2366);
#2216=PLANE('',#2403);
#2217=PLANE('',#2404);
#2218=PLANE('',#2416);
#2219=PLANE('',#2417);
#2220=PLANE('',#2419);
#2221=PLANE('',#2420);
#2222=PLANE('',#2421);
#2223=PLANE('',#2425);
#2224=PLANE('',#2426);
#2225=PLANE('',#2430);
#2226=PLANE('',#2431);
#2227=PLANE('',#2438);
#2228=SHAPE_DEFINITION_REPRESENTATION(#2229,#2246);
#2229=PRODUCT_DEFINITION_SHAPE($,$,#2231);
#2230=PRODUCT_DEFINITION_CONTEXT('3D Mechanical Parts',#2235,'design');
#2231=PRODUCT_DEFINITION('A','First version',#2232,#2230);
#2232=PRODUCT_DEFINITION_FORMATION_WITH_SPECIFIED_SOURCE('A',
'First version',#2237,.MADE.);
#2233=PRODUCT_RELATED_PRODUCT_CATEGORY('tool','tool',(#2237));
#2234=APPLICATION_PROTOCOL_DEFINITION('Draft International Standard',
'automotive_design',1999,#2235);
#2235=APPLICATION_CONTEXT(
'data for automotive mechanical design processes');
#2236=PRODUCT_CONTEXT('3D Mechanical Parts',#2235,'mechanical');
#2237=PRODUCT('Document','Document','',(#2236));
#2238=(
LENGTH_UNIT()
NAMED_UNIT(*)
SI_UNIT(.MILLI.,.METRE.)
);
#2239=(
NAMED_UNIT(*)
PLANE_ANGLE_UNIT()
SI_UNIT($,.RADIAN.)
);
#2240=DIMENSIONAL_EXPONENTS(0.,0.,0.,0.,0.,0.,0.);
#2241=PLANE_ANGLE_MEASURE_WITH_UNIT(PLANE_ANGLE_MEASURE(0.01745329252),
#2239);
#2242=(
CONVERSION_BASED_UNIT('DEGREES',#2241)
NAMED_UNIT(#2240)
PLANE_ANGLE_UNIT()
);
#2243=(
NAMED_UNIT(*)
SI_UNIT($,.STERADIAN.)
SOLID_ANGLE_UNIT()
);
#2244=UNCERTAINTY_MEASURE_WITH_UNIT(LENGTH_MEASURE(0.001),#2238,
'DISTANCE_ACCURACY_VALUE',
'Maximum model space distance between geometric entities at asserted c
onnectivities');
#2245=(
GEOMETRIC_REPRESENTATION_CONTEXT(3)
GLOBAL_UNCERTAINTY_ASSIGNED_CONTEXT((#2244))
GLOBAL_UNIT_ASSIGNED_CONTEXT((#2243,#2242,#2238))
REPRESENTATION_CONTEXT('ID1','3D')
);
#2246=SHAPE_REPRESENTATION('Document',(#2247,#2500,#2501),#2245);
#2247=AXIS2_PLACEMENT_3D($,#2881,#2502,#2503);
#2248=AXIS2_PLACEMENT_3D('',#2882,#2504,$);
#2249=AXIS2_PLACEMENT_3D('',#2883,#2505,$);
#2250=AXIS2_PLACEMENT_3D('',#2884,#2506,$);
#2251=AXIS2_PLACEMENT_3D('',#2885,#2507,$);
#2252=AXIS2_PLACEMENT_3D('',#2886,#2508,$);
#2253=AXIS2_PLACEMENT_3D('',#2887,#2509,$);
#2254=AXIS2_PLACEMENT_3D($,#2896,#2510,#2511);
#2255=AXIS2_PLACEMENT_3D($,#2899,#2512,#2513);
#2256=AXIS2_PLACEMENT_3D($,#2902,#2514,#2515);
#2257=AXIS2_PLACEMENT_3D($,#2905,#2516,#2517);
#2258=AXIS2_PLACEMENT_3D($,#2910,#2518,#2519);
#2259=AXIS2_PLACEMENT_3D($,#2915,#2520,#2521);
#2260=AXIS2_PLACEMENT_3D($,#2920,#2522,#2523);
#2261=AXIS2_PLACEMENT_3D($,#2925,#2524,#2525);
#2262=AXIS2_PLACEMENT_3D('',#2928,#2526,$);
#2263=AXIS2_PLACEMENT_3D('',#2929,#2527,$);
#2264=AXIS2_PLACEMENT_3D('',#2930,#2528,$);
#2265=AXIS2_PLACEMENT_3D('',#2931,#2529,$);
#2266=AXIS2_PLACEMENT_3D('',#2932,#2530,$);
#2267=AXIS2_PLACEMENT_3D('',#2933,#2531,$);
#2268=AXIS2_PLACEMENT_3D($,#2944,#2532,#2533);
#2269=AXIS2_PLACEMENT_3D($,#2949,#2534,#2535);
#2270=AXIS2_PLACEMENT_3D($,#2952,#2536,#2537);
#2271=AXIS2_PLACEMENT_3D($,#2957,#2538,#2539);
#2272=AXIS2_PLACEMENT_3D($,#2962,#2540,#2541);
#2273=AXIS2_PLACEMENT_3D($,#2965,#2542,#2543);
#2274=AXIS2_PLACEMENT_3D($,#2968,#2544,#2545);
#2275=AXIS2_PLACEMENT_3D($,#2971,#2546,#2547);
#2276=AXIS2_PLACEMENT_3D('',#2974,#2548,$);
#2277=AXIS2_PLACEMENT_3D('',#2975,#2549,$);
#2278=AXIS2_PLACEMENT_3D('',#2976,#2550,$);
#2279=AXIS2_PLACEMENT_3D('',#2977,#2551,$);
#2280=AXIS2_PLACEMENT_3D($,#2982,#2552,#2553);
#2281=AXIS2_PLACEMENT_3D($,#2987,#2554,#2555);
#2282=AXIS2_PLACEMENT_3D($,#2992,#2556,#2557);
#2283=AXIS2_PLACEMENT_3D($,#2995,#2558,#2559);
#2284=AXIS2_PLACEMENT_3D('',#2998,#2560,$);
#2285=AXIS2_PLACEMENT_3D('',#2999,#2561,$);
#2286=AXIS2_PLACEMENT_3D('',#3000,#2562,$);
#2287=AXIS2_PLACEMENT_3D('',#3001,#2563,$);
#2288=AXIS2_PLACEMENT_3D('',#3002,#2564,$);
#2289=AXIS2_PLACEMENT_3D('',#3003,#2565,$);
#2290=AXIS2_PLACEMENT_3D($,#3012,#2566,#2567);
#2291=AXIS2_PLACEMENT_3D($,#3017,#2568,#2569);
#2292=AXIS2_PLACEMENT_3D($,#3020,#2570,#2571);
#2293=AXIS2_PLACEMENT_3D($,#3023,#2572,#2573);
#2294=AXIS2_PLACEMENT_3D($,#3030,#2574,#2575);
#2295=AXIS2_PLACEMENT_3D($,#3033,#2576,#2577);
#2296=AXIS2_PLACEMENT_3D($,#3038,#2578,#2579);
#2297=AXIS2_PLACEMENT_3D($,#3041,#2580,#2581);
#2298=AXIS2_PLACEMENT_3D('',#3047,#2582,$);
#2299=AXIS2_PLACEMENT_3D('',#3048,#2583,$);
#2300=AXIS2_PLACEMENT_3D('',#3049,#2584,$);
#2301=AXIS2_PLACEMENT_3D('',#3050,#2585,$);
#2302=AXIS2_PLACEMENT_3D($,#3057,#2586,#2587);
#2303=AXIS2_PLACEMENT_3D($,#3062,#2588,#2589);
#2304=AXIS2_PLACEMENT_3D($,#3065,#2590,#2591);
#2305=AXIS2_PLACEMENT_3D($,#3068,#2592,#2593);
#2306=AXIS2_PLACEMENT_3D('',#3071,#2594,$);
#2307=AXIS2_PLACEMENT_3D('',#3072,#2595,$);
#2308=AXIS2_PLACEMENT_3D('',#3073,#2596,$);
#2309=AXIS2_PLACEMENT_3D('',#3074,#2597,$);
#2310=AXIS2_PLACEMENT_3D('',#3075,#2598,$);
#2311=AXIS2_PLACEMENT_3D('',#3076,#2599,$);
#2312=AXIS2_PLACEMENT_3D('',#3077,#2600,$);
#2313=AXIS2_PLACEMENT_3D('',#3078,#2601,$);
#2314=AXIS2_PLACEMENT_3D('',#3079,#2602,$);
#2315=AXIS2_PLACEMENT_3D('',#3080,#2603,$);
#2316=AXIS2_PLACEMENT_3D('',#3145,#2604,$);
#2317=AXIS2_PLACEMENT_3D('',#3146,#2605,$);
#2318=AXIS2_PLACEMENT_3D('',#3147,#2606,$);
#2319=AXIS2_PLACEMENT_3D('',#3148,#2607,$);
#2320=AXIS2_PLACEMENT_3D('',#3149,#2608,$);
#2321=AXIS2_PLACEMENT_3D('',#3150,#2609,$);
#2322=AXIS2_PLACEMENT_3D('',#3183,#2610,$);
#2323=AXIS2_PLACEMENT_3D('',#3184,#2611,$);
#2324=AXIS2_PLACEMENT_3D('',#3185,#2612,$);
#2325=AXIS2_PLACEMENT_3D('',#3186,#2613,$);
#2326=AXIS2_PLACEMENT_3D('',#3187,#2614,$);
#2327=AXIS2_PLACEMENT_3D('',#3188,#2615,$);
#2328=AXIS2_PLACEMENT_3D('',#3189,#2616,$);
#2329=AXIS2_PLACEMENT_3D('',#3190,#2617,$);
#2330=AXIS2_PLACEMENT_3D('',#3191,#2618,$);
#2331=AXIS2_PLACEMENT_3D('',#3192,#2619,$);
#2332=AXIS2_PLACEMENT_3D('',#3257,#2620,$);
#2333=AXIS2_PLACEMENT_3D('',#3258,#2621,$);
#2334=AXIS2_PLACEMENT_3D('',#3259,#2622,$);
#2335=AXIS2_PLACEMENT_3D('',#3260,#2623,$);
#2336=AXIS2_PLACEMENT_3D('',#3261,#2624,$);
#2337=AXIS2_PLACEMENT_3D('',#3262,#2625,$);
#2338=AXIS2_PLACEMENT_3D('',#3295,#2626,$);
#2339=AXIS2_PLACEMENT_3D('',#3296,#2627,$);
#2340=AXIS2_PLACEMENT_3D('',#3297,#2628,$);
#2341=AXIS2_PLACEMENT_3D('',#3298,#2629,$);
#2342=AXIS2_PLACEMENT_3D('',#3299,#2630,$);
#2343=AXIS2_PLACEMENT_3D('',#3300,#2631,$);
#2344=AXIS2_PLACEMENT_3D('',#3301,#2632,$);
#2345=AXIS2_PLACEMENT_3D('',#3302,#2633,$);
#2346=AXIS2_PLACEMENT_3D('',#3303,#2634,$);
#2347=AXIS2_PLACEMENT_3D('',#3304,#2635,$);
#2348=AXIS2_PLACEMENT_3D('',#3369,#2636,$);
#2349=AXIS2_PLACEMENT_3D('',#3370,#2637,$);
#2350=AXIS2_PLACEMENT_3D('',#3371,#2638,$);
#2351=AXIS2_PLACEMENT_3D('',#3372,#2639,$);
#2352=AXIS2_PLACEMENT_3D('',#3373,#2640,$);
#2353=AXIS2_PLACEMENT_3D('',#3374,#2641,$);
#2354=AXIS2_PLACEMENT_3D('',#3407,#2642,$);
#2355=AXIS2_PLACEMENT_3D('',#3408,#2643,$);
#2356=AXIS2_PLACEMENT_3D('',#3409,#2644,$);
#2357=AXIS2_PLACEMENT_3D('',#3410,#2645,$);
#2358=AXIS2_PLACEMENT_3D('',#3411,#2646,$);
#2359=AXIS2_PLACEMENT_3D('',#3412,#2647,$);
#2360=AXIS2_PLACEMENT_3D('',#3413,#2648,$);
#2361=AXIS2_PLACEMENT_3D('',#3414,#2649,$);
#2362=AXIS2_PLACEMENT_3D('',#3415,#2650,$);
#2363=AXIS2_PLACEMENT_3D('',#3416,#2651,$);
#2364=AXIS2_PLACEMENT_3D('',#3417,#2652,$);
#2365=AXIS2_PLACEMENT_3D('',#3418,#2653,$);
#2366=AXIS2_PLACEMENT_3D('',#3419,#2654,$);
#2367=AXIS2_PLACEMENT_3D('',#3435,#2655,$);
#2368=AXIS2_PLACEMENT_3D('',#3436,#2656,$);
#2369=AXIS2_PLACEMENT_3D('',#3437,#2657,$);
#2370=AXIS2_PLACEMENT_3D('',#3438,#2658,$);
#2371=AXIS2_PLACEMENT_3D('',#3439,#2659,$);
#2372=AXIS2_PLACEMENT_3D('',#3440,#2660,$);
#2373=AXIS2_PLACEMENT_3D($,#3484,#2661,#2662);
#2374=AXIS2_PLACEMENT_3D($,#3489,#2663,#2664);
#2375=AXIS2_PLACEMENT_3D($,#3494,#2665,#2666);
#2376=AXIS2_PLACEMENT_3D($,#3499,#2667,#2668);
#2377=AXIS2_PLACEMENT_3D($,#3502,#2669,#2670);
#2378=AXIS2_PLACEMENT_3D($,#3507,#2671,#2672);
#2379=AXIS2_PLACEMENT_3D($,#3512,#2673,#2674);
#2380=AXIS2_PLACEMENT_3D($,#3517,#2675,#2676);
#2381=AXIS2_PLACEMENT_3D($,#3522,#2677,#2678);
#2382=AXIS2_PLACEMENT_3D($,#3527,#2679,#2680);
#2383=AXIS2_PLACEMENT_3D($,#3532,#2681,#2682);
#2384=AXIS2_PLACEMENT_3D($,#3537,#2683,#2684);
#2385=AXIS2_PLACEMENT_3D($,#3542,#2685,#2686);
#2386=AXIS2_PLACEMENT_3D($,#3545,#2687,#2688);
#2387=AXIS2_PLACEMENT_3D($,#3548,#2689,#2690);
#2388=AXIS2_PLACEMENT_3D($,#3551,#2691,#2692);
#2389=AXIS2_PLACEMENT_3D($,#3554,#2693,#2694);
#2390=AXIS2_PLACEMENT_3D($,#3557,#2695,#2696);
#2391=AXIS2_PLACEMENT_3D($,#3560,#2697,#2698);
#2392=AXIS2_PLACEMENT_3D($,#3563,#2699,#2700);
#2393=AXIS2_PLACEMENT_3D($,#3566,#2701,#2702);
#2394=AXIS2_PLACEMENT_3D($,#3569,#2703,#2704);
#2395=AXIS2_PLACEMENT_3D($,#3572,#2705,#2706);
#2396=AXIS2_PLACEMENT_3D($,#3575,#2707,#2708);
#2397=AXIS2_PLACEMENT_3D($,#3578,#2709,#2710);
#2398=AXIS2_PLACEMENT_3D($,#3581,#2711,#2712);
#2399=AXIS2_PLACEMENT_3D($,#3584,#2713,#2714);
#2400=AXIS2_PLACEMENT_3D($,#3587,#2715,#2716);
#2401=AXIS2_PLACEMENT_3D('',#3590,#2717,$);
#2402=AXIS2_PLACEMENT_3D('',#3591,#2718,$);
#2403=AXIS2_PLACEMENT_3D('',#3592,#2719,$);
#2404=AXIS2_PLACEMENT_3D('',#3593,#2720,$);
#2405=AXIS2_PLACEMENT_3D('',#3594,#2721,$);
#2406=AXIS2_PLACEMENT_3D('',#3595,#2722,$);
#2407=AXIS2_PLACEMENT_3D($,#3606,#2723,#2724);
#2408=AXIS2_PLACEMENT_3D($,#3611,#2725,#2726);
#2409=AXIS2_PLACEMENT_3D($,#3616,#2727,#2728);
#2410=AXIS2_PLACEMENT_3D($,#3621,#2729,#2730);
#2411=AXIS2_PLACEMENT_3D($,#3624,#2731,#2732);
#2412=AXIS2_PLACEMENT_3D($,#3627,#2733,#2734);
#2413=AXIS2_PLACEMENT_3D($,#3630,#2735,#2736);
#2414=AXIS2_PLACEMENT_3D($,#3633,#2737,#2738);
#2415=AXIS2_PLACEMENT_3D('',#3636,#2739,$);
#2416=AXIS2_PLACEMENT_3D('',#3637,#2740,$);
#2417=AXIS2_PLACEMENT_3D('',#3638,#2741,$);
#2418=AXIS2_PLACEMENT_3D('',#3639,#2742,$);
#2419=AXIS2_PLACEMENT_3D('',#3640,#2743,$);
#2420=AXIS2_PLACEMENT_3D('',#3663,#2744,$);
#2421=AXIS2_PLACEMENT_3D('',#3664,#2745,$);
#2422=AXIS2_PLACEMENT_3D('',#3665,#2746,$);
#2423=AXIS2_PLACEMENT_3D('',#3666,#2747,$);
#2424=AXIS2_PLACEMENT_3D('',#3667,#2748,$);
#2425=AXIS2_PLACEMENT_3D('',#3668,#2749,$);
#2426=AXIS2_PLACEMENT_3D('',#3691,#2750,$);
#2427=AXIS2_PLACEMENT_3D('',#3692,#2751,$);
#2428=AXIS2_PLACEMENT_3D('',#3693,#2752,$);
#2429=AXIS2_PLACEMENT_3D('',#3694,#2753,$);
#2430=AXIS2_PLACEMENT_3D('',#3695,#2754,$);
#2431=AXIS2_PLACEMENT_3D('',#3718,#2755,$);
#2432=AXIS2_PLACEMENT_3D('',#3719,#2756,$);
#2433=AXIS2_PLACEMENT_3D('',#3720,#2757,$);
#2434=AXIS2_PLACEMENT_3D('',#3721,#2758,$);
#2435=AXIS2_PLACEMENT_3D('',#3722,#2759,$);
#2436=AXIS2_PLACEMENT_3D('',#3723,#2760,$);
#2437=AXIS2_PLACEMENT_3D('',#3724,#2761,$);
#2438=AXIS2_PLACEMENT_3D('',#3725,#2762,$);
#2439=AXIS2_PLACEMENT_3D('',#3726,#2763,$);
#2440=AXIS2_PLACEMENT_3D('',#3727,#2764,$);
#2441=AXIS2_PLACEMENT_3D('',#3728,#2765,$);
#2442=AXIS2_PLACEMENT_3D('',#3729,#2766,$);
#2443=AXIS2_PLACEMENT_3D('',#3730,#2767,$);
#2444=AXIS2_PLACEMENT_3D('',#3731,#2768,$);
#2445=AXIS2_PLACEMENT_3D('',#3732,#2769,$);
#2446=AXIS2_PLACEMENT_3D('',#3733,#2770,$);
#2447=AXIS2_PLACEMENT_3D($,#3804,#2771,#2772);
#2448=AXIS2_PLACEMENT_3D($,#3809,#2773,#2774);
#2449=AXIS2_PLACEMENT_3D($,#3814,#2775,#2776);
#2450=AXIS2_PLACEMENT_3D($,#3819,#2777,#2778);
#2451=AXIS2_PLACEMENT_3D($,#3824,#2779,#2780);
#2452=AXIS2_PLACEMENT_3D($,#3827,#2781,#2782);
#2453=AXIS2_PLACEMENT_3D($,#3832,#2783,#2784);
#2454=AXIS2_PLACEMENT_3D($,#3850,#2785,#2786);
#2455=AXIS2_PLACEMENT_3D($,#3855,#2787,#2788);
#2456=AXIS2_PLACEMENT_3D($,#3870,#2789,#2790);
#2457=AXIS2_PLACEMENT_3D($,#3873,#2791,#2792);
#2458=AXIS2_PLACEMENT_3D($,#3878,#2793,#2794);
#2459=AXIS2_PLACEMENT_3D($,#3881,#2795,#2796);
#2460=AXIS2_PLACEMENT_3D($,#3894,#2797,#2798);
#2461=AXIS2_PLACEMENT_3D($,#3910,#2799,#2800);
#2462=AXIS2_PLACEMENT_3D($,#3915,#2801,#2802);
#2463=AXIS2_PLACEMENT_3D($,#3926,#2803,#2804);
#2464=AXIS2_PLACEMENT_3D($,#3929,#2805,#2806);
#2465=AXIS2_PLACEMENT_3D($,#3934,#2807,#2808);
#2466=AXIS2_PLACEMENT_3D($,#3937,#2809,#2810);
#2467=AXIS2_PLACEMENT_3D($,#3942,#2811,#2812);
#2468=AXIS2_PLACEMENT_3D($,#3945,#2813,#2814);
#2469=AXIS2_PLACEMENT_3D($,#3958,#2815,#2816);
#2470=AXIS2_PLACEMENT_3D($,#3963,#2817,#2818);
#2471=AXIS2_PLACEMENT_3D($,#3979,#2819,#2820);
#2472=AXIS2_PLACEMENT_3D($,#3988,#2821,#2822);
#2473=AXIS2_PLACEMENT_3D($,#3991,#2823,#2824);
#2474=AXIS2_PLACEMENT_3D($,#3996,#2825,#2826);
#2475=AXIS2_PLACEMENT_3D($,#3999,#2827,#2828);
#2476=AXIS2_PLACEMENT_3D($,#4002,#2829,#2830);
#2477=AXIS2_PLACEMENT_3D($,#4005,#2831,#2832);
#2478=AXIS2_PLACEMENT_3D($,#4008,#2833,#2834);
#2479=AXIS2_PLACEMENT_3D($,#4011,#2835,#2836);
#2480=AXIS2_PLACEMENT_3D($,#4014,#2837,#2838);
#2481=AXIS2_PLACEMENT_3D($,#4017,#2839,#2840);
#2482=AXIS2_PLACEMENT_3D($,#4020,#2841,#2842);
#2483=AXIS2_PLACEMENT_3D($,#4023,#2843,#2844);
#2484=AXIS2_PLACEMENT_3D($,#4026,#2845,#2846);
#2485=AXIS2_PLACEMENT_3D($,#4031,#2847,#2848);
#2486=AXIS2_PLACEMENT_3D($,#4036,#2849,#2850);
#2487=AXIS2_PLACEMENT_3D($,#4041,#2851,#2852);
#2488=AXIS2_PLACEMENT_3D($,#4046,#2853,#2854);
#2489=AXIS2_PLACEMENT_3D($,#4049,#2855,#2856);
#2490=AXIS2_PLACEMENT_3D($,#4052,#2857,#2858);
#2491=AXIS2_PLACEMENT_3D($,#4055,#2859,#2860);
#2492=AXIS2_PLACEMENT_3D($,#4058,#2861,#2862);
#2493=AXIS2_PLACEMENT_3D($,#4061,#2863,#2864);
#2494=AXIS2_PLACEMENT_3D($,#4064,#2865,#2866);
#2495=AXIS2_PLACEMENT_3D($,#4067,#2867,#2868);
#2496=AXIS2_PLACEMENT_3D($,#4070,#2869,#2870);
#2497=AXIS2_PLACEMENT_3D($,#4075,#2871,#2872);
#2498=AXIS2_PLACEMENT_3D($,#4078,#2873,#2874);
#2499=AXIS2_PLACEMENT_3D($,#4081,#2875,#2876);
#2500=AXIS2_PLACEMENT_3D($,#4086,#2877,#2878);
#2501=AXIS2_PLACEMENT_3D($,#4087,#2879,#2880);
#2502=DIRECTION('',(0.,0.,1.));
#2503=DIRECTION('',(1.,0.,0.));
#2504=DIRECTION('',(1.,0.,0.));
#2505=DIRECTION('',(1.,0.,0.));
#2506=DIRECTION('',(1.,0.,0.));
#2507=DIRECTION('',(-1.,0.,0.));
#2508=DIRECTION('',(-1.,0.,0.));
#2509=DIRECTION('',(-1.,0.,0.));
#2510=DIRECTION('',(1.,0.,0.));
#2511=DIRECTION('',(0.,-1.41691469742188E-17,1.));
#2512=DIRECTION('',(1.,0.,0.));
#2513=DIRECTION('',(0.,-3.28741427763274E-18,-1.));
#2514=DIRECTION('',(-1.,0.,0.));
#2515=DIRECTION('',(0.,-2.79497680025125E-17,1.));
#2516=DIRECTION('',(1.,0.,0.));
#2517=DIRECTION('',(0.,2.102746056669E-16,1.));
#2518=DIRECTION('',(-1.,0.,0.));
#2519=DIRECTION('',(0.,-2.79496671652569E-17,1.));
#2520=DIRECTION('',(-1.,0.,0.));
#2521=DIRECTION('',(0.,-1.0198155680235E-16,-1.));
#2522=DIRECTION('',(1.,0.,0.));
#2523=DIRECTION('',(0.,-3.28728192873474E-18,-1.));
#2524=DIRECTION('',(1.,0.,0.));
#2525=DIRECTION('',(0.,2.10274870364696E-16,1.));
#2526=DIRECTION('',(1.,0.,0.));
#2527=DIRECTION('',(-1.,0.,0.));
#2528=DIRECTION('',(1.,0.,0.));
#2529=DIRECTION('',(1.,0.,0.));
#2530=DIRECTION('',(1.,0.,0.));
#2531=DIRECTION('',(1.,0.,0.));
#2532=DIRECTION('',(-1.,0.,0.));
#2533=DIRECTION('',(0.,-3.50529581924839E-16,-1.));
#2534=DIRECTION('',(1.,0.,0.));
#2535=DIRECTION('',(0.,2.8399149446755E-16,1.));
#2536=DIRECTION('',(1.,0.,0.));
#2537=DIRECTION('',(0.,3.42965493227838E-16,1.));
#2538=DIRECTION('',(-1.,0.,0.));
#2539=DIRECTION('',(0.,-2.91555357889831E-16,-1.));
#2540=DIRECTION('',(-1.,0.,0.));
#2541=DIRECTION('',(0.,2.80028506648E-16,1.));
#2542=DIRECTION('',(1.,0.,0.));
#2543=DIRECTION('',(0.,-3.54492569744389E-16,-1.));
#2544=DIRECTION('',(-1.,0.,0.));
#2545=DIRECTION('',(0.,3.78850838131655E-16,1.));
#2546=DIRECTION('',(1.,0.,0.));
#2547=DIRECTION('',(0.,-2.55670410032708E-16,-1.));
#2548=DIRECTION('',(-1.,0.,0.));
#2549=DIRECTION('',(1.,0.,0.));
#2550=DIRECTION('',(-1.,0.,0.));
#2551=DIRECTION('',(-1.,0.,0.));
#2552=DIRECTION('',(-1.,0.,0.));
#2553=DIRECTION('',(0.,-0.707106781186547,-0.707106781186548));
#2554=DIRECTION('',(-1.,0.,0.));
#2555=DIRECTION('',(0.,-0.707106781186547,-0.707106781186548));
#2556=DIRECTION('',(-1.,0.,0.));
#2557=DIRECTION('',(0.,0.707106781186547,0.707106781186548));
#2558=DIRECTION('',(-1.,0.,0.));
#2559=DIRECTION('',(0.,0.707106781186547,0.707106781186548));
#2560=DIRECTION('',(1.,3.86380851536821E-31,1.4355131050823E-15));
#2561=DIRECTION('',(-1.,0.,0.));
#2562=DIRECTION('',(1.,0.,0.));
#2563=DIRECTION('',(1.,0.,0.));
#2564=DIRECTION('',(1.,2.57587234357881E-31,1.4355131050823E-15));
#2565=DIRECTION('',(1.,0.,0.));
#2566=DIRECTION('',(1.,0.,0.));
#2567=DIRECTION('',(0.,-0.707106781186547,-0.707106781186548));
#2568=DIRECTION('',(1.,3.86380851536821E-31,1.4355131050823E-15));
#2569=DIRECTION('',(2.03012210217171E-15,-0.707106781186547,-0.707106781186548));
#2570=DIRECTION('',(-1.,0.,0.));
#2571=DIRECTION('',(0.,-0.707106781186547,-0.707106781186548));
#2572=DIRECTION('',(-1.,-2.42633111948024E-31,-1.97031210501494E-15));
#2573=DIRECTION('',(2.78644210102001E-15,-0.707106781186548,-0.707106781186547));
#2574=DIRECTION('',(1.,0.,0.));
#2575=DIRECTION('',(0.,0.707106781186547,0.707106781186548));
#2576=DIRECTION('',(1.,2.57587234357881E-31,1.4355131050823E-15));
#2577=DIRECTION('',(0.,0.707106781186547,0.707106781186548));
#2578=DIRECTION('',(-1.,0.,0.));
#2579=DIRECTION('',(0.,0.707106781186548,0.707106781186547));
#2580=DIRECTION('',(-1.,-2.42633111948024E-31,-1.97031210501494E-15));
#2581=DIRECTION('',(0.,0.707106781186548,0.707106781186547));
#2582=DIRECTION('',(1.,0.,0.));
#2583=DIRECTION('',(-1.,0.,0.));
#2584=DIRECTION('',(1.,0.,0.));
#2585=DIRECTION('',(1.,0.,0.));
#2586=DIRECTION('',(-1.,0.,0.));
#2587=DIRECTION('',(0.,-1.75980296650008E-16,-1.));
#2588=DIRECTION('',(1.,0.,0.));
#2589=DIRECTION('',(0.,1.15560281477431E-16,1.));
#2590=DIRECTION('',(1.,0.,0.));
#2591=DIRECTION('',(0.,-1.75980296650008E-16,-1.));
#2592=DIRECTION('',(-1.,0.,0.));
#2593=DIRECTION('',(0.,9.77183409749684E-17,1.));
#2594=DIRECTION('',(3.48727940079984E-17,-0.967822506788273,-0.25163385176495));
#2595=DIRECTION('',(-3.95398002677962E-16,-0.251633851764951,0.967822506788272));
#2596=DIRECTION('',(-2.07229572495711E-16,0.967822506788272,0.25163385176495));
#2597=DIRECTION('',(3.05285236820244E-16,0.25163385176495,-0.967822506788272));
#2598=DIRECTION('',(1.,0.,0.));
#2599=DIRECTION('',(-1.,0.,0.));
#2600=DIRECTION('',(-6.13929279614204E-16,-0.862285860494058,0.506421854575829));
#2601=DIRECTION('',(9.48946748405221E-16,-0.506421854575855,-0.862285860494043));
#2602=DIRECTION('',(-1.17952087322641E-15,0.506421854575874,0.862285860494032));
#2603=DIRECTION('',(1.45600822135921E-15,0.862285860494057,-0.50642185457583));
#2604=DIRECTION('',(9.65991571379693E-17,-0.967822506788272,-0.25163385176495));
#2605=DIRECTION('',(-3.01944997347247E-16,-0.25163385176495,0.967822506788272));
#2606=DIRECTION('',(-1.27163405387772E-16,0.967822506788272,0.25163385176495));
#2607=DIRECTION('',(3.16733429467609E-16,0.25163385176495,-0.967822506788272));
#2608=DIRECTION('',(1.,0.,0.));
#2609=DIRECTION('',(-1.,0.,0.));
#2610=DIRECTION('',(-4.44313868055232E-17,-0.967822506788272,-0.25163385176495));
#2611=DIRECTION('',(-4.11932466261565E-16,-0.25163385176495,0.967822506788272));
#2612=DIRECTION('',(-1.43519359528328E-16,0.967822506788272,0.251633851764951));
#2613=DIRECTION('',(3.24457400553084E-16,0.251633851764951,-0.967822506788272));
#2614=DIRECTION('',(1.,0.,0.));
#2615=DIRECTION('',(-1.,0.,0.));
#2616=DIRECTION('',(-2.70271833097922E-16,-0.862285860494055,0.506421854575834));
#2617=DIRECTION('',(5.21224090953552E-16,-0.50642185457586,-0.86228586049404));
#2618=DIRECTION('',(-9.61472153143848E-16,0.506421854575873,0.862285860494032));
#2619=DIRECTION('',(1.07616853129345E-15,0.862285860494057,-0.506421854575832));
#2620=DIRECTION('',(3.56062928287362E-17,-0.967822506788272,-0.251633851764949));
#2621=DIRECTION('',(-3.42616014664699E-16,-0.251633851764952,0.967822506788272));
#2622=DIRECTION('',(-5.83613611547822E-17,0.967822506788271,0.251633851764953));
#2623=DIRECTION('',(3.22018259579243E-16,0.25163385176495,-0.967822506788272));
#2624=DIRECTION('',(1.,0.,0.));
#2625=DIRECTION('',(-1.,0.,0.));
#2626=DIRECTION('',(7.72360370937642E-17,-0.967822506788272,-0.25163385176495));
#2627=DIRECTION('',(-4.07294872085199E-16,-0.251633851764951,0.967822506788272));
#2628=DIRECTION('',(-5.7287863405066E-17,0.967822506788272,0.251633851764951));
#2629=DIRECTION('',(2.82098376855879E-16,0.251633851764951,-0.967822506788272));
#2630=DIRECTION('',(1.,0.,0.));
#2631=DIRECTION('',(-1.,0.,0.));
#2632=DIRECTION('',(-5.92275508283831E-16,-0.862285860494058,0.50642185457583));
#2633=DIRECTION('',(5.4788167450276E-16,-0.506421854575859,-0.86228586049404));
#2634=DIRECTION('',(-1.01548111969828E-15,0.506421854575871,0.862285860494033));
#2635=DIRECTION('',(1.29660204273336E-15,0.862285860494061,-0.506421854575824));
#2636=DIRECTION('',(5.54631263100679E-17,-0.967822506788272,-0.251633851764949));
#2637=DIRECTION('',(-3.18798556006173E-16,-0.25163385176495,0.967822506788272));
#2638=DIRECTION('',(-7.22427273177122E-17,0.967822506788272,0.251633851764949));
#2639=DIRECTION('',(3.3582855644636E-16,0.25163385176495,-0.967822506788272));
#2640=DIRECTION('',(1.,0.,0.));
#2641=DIRECTION('',(-1.,0.,0.));
#2642=DIRECTION('',(-1.,0.,0.));
#2643=DIRECTION('',(-1.,0.,0.));
#2644=DIRECTION('',(1.,0.,0.));
#2645=DIRECTION('',(1.,0.,0.));
#2646=DIRECTION('',(1.,0.,0.));
#2647=DIRECTION('',(-1.,0.,0.));
#2648=DIRECTION('',(1.,0.,0.));
#2649=DIRECTION('',(-1.,0.,0.));
#2650=DIRECTION('',(1.,0.,0.));
#2651=DIRECTION('',(-1.,0.,0.));
#2652=DIRECTION('',(1.,0.,0.));
#2653=DIRECTION('',(-1.,0.,0.));
#2654=DIRECTION('',(-1.,0.,0.));
#2655=DIRECTION('',(-1.,0.,0.));
#2656=DIRECTION('',(1.,0.,0.));
#2657=DIRECTION('',(-1.,0.,0.));
#2658=DIRECTION('',(-1.,0.,0.));
#2659=DIRECTION('',(-1.,0.,0.));
#2660=DIRECTION('',(-1.,0.,0.));
#2661=DIRECTION('',(1.,0.,0.));
#2662=DIRECTION('',(0.,-5.55485900875265E-17,-1.));
#2663=DIRECTION('',(-1.,0.,0.));
#2664=DIRECTION('',(0.,3.22641414114504E-17,1.));
#2665=DIRECTION('',(-1.,0.,0.));
#2666=DIRECTION('',(0.,8.0593931019973E-16,-1.));
#2667=DIRECTION('',(1.,0.,0.));
#2668=DIRECTION('',(0.,3.27856338835747E-16,1.));
#2669=DIRECTION('',(-1.,0.,0.));
#2670=DIRECTION('',(0.,0.,1.));
#2671=DIRECTION('',(1.,0.,0.));
#2672=DIRECTION('',(0.,8.88178419700128E-16,-1.));
#2673=DIRECTION('',(-1.,0.,0.));
#2674=DIRECTION('',(0.,0.866025403784439,-0.5));
#2675=DIRECTION('',(1.,0.,0.));
#2676=DIRECTION('',(0.,-0.866025403784439,0.499999999999999));
#2677=DIRECTION('',(-1.,0.,0.));
#2678=DIRECTION('',(0.,-0.866025403784439,-0.499999999999999));
#2679=DIRECTION('',(1.,0.,0.));
#2680=DIRECTION('',(0.,0.866025403784438,0.5));
#2681=DIRECTION('',(-1.,0.,0.));
#2682=DIRECTION('',(0.,2.96667572303425E-16,1.));
#2683=DIRECTION('',(1.,0.,0.));
#2684=DIRECTION('',(0.,-2.4309009141163E-16,-1.));
#2685=DIRECTION('',(1.05506224460295E-13,-1.,-2.55831306720464E-13));
#2686=DIRECTION('',(-2.84217094304081E-13,2.5583130711745E-13,-1.));
#2687=DIRECTION('',(1.,0.,0.));
#2688=DIRECTION('',(0.,3.22495195813705E-16,1.));
#2689=DIRECTION('',(-5.37577663207361E-14,-1.,-1.81431845024092E-13));
#2690=DIRECTION('',(1.,-5.37577676194713E-14,-2.4868995751612E-13));
#2691=DIRECTION('',(1.,0.,0.));
#2692=DIRECTION('',(0.,3.21319238035488E-16,1.));
#2693=DIRECTION('',(-1.,0.,0.));
#2694=DIRECTION('',(0.,-3.13201909543713E-16,-1.));
#2695=DIRECTION('',(-1.,0.,0.));
#2696=DIRECTION('',(0.,3.11033916614745E-16,1.));
#2697=DIRECTION('',(-1.,0.,0.));
#2698=DIRECTION('',(0.,-8.59798520300016E-16,1.));
#2699=DIRECTION('',(1.,0.,0.));
#2700=DIRECTION('',(0.,-8.88178419700127E-16,1.));
#2701=DIRECTION('',(-1.,0.,0.));
#2702=DIRECTION('',(0.,0.,-1.));
#2703=DIRECTION('',(1.,0.,0.));
#2704=DIRECTION('',(0.,0.866025403784439,-0.499999999999999));
#2705=DIRECTION('',(-1.,-7.10542735760098E-15,-1.23069611928548E-14));
#2706=DIRECTION('',(0.,-0.86602540378444,0.499999999999998));
#2707=DIRECTION('',(1.,0.,0.));
#2708=DIRECTION('',(0.,-0.866025403784437,-0.500000000000003));
#2709=DIRECTION('',(-1.,0.,0.));
#2710=DIRECTION('',(0.,0.86602540378444,0.499999999999998));
#2711=DIRECTION('',(1.,0.,0.));
#2712=DIRECTION('',(0.,3.31566282642368E-16,1.));
#2713=DIRECTION('',(-1.,0.,0.));
#2714=DIRECTION('',(0.,-3.33091471343017E-16,-1.));
#2715=DIRECTION('',(1.,0.,0.));
#2716=DIRECTION('',(0.,-3.17812215726992E-16,-1.));
#2717=DIRECTION('',(1.,0.,0.));
#2718=DIRECTION('',(-1.,0.,0.));
#2719=DIRECTION('',(-1.,0.,0.));
#2720=DIRECTION('',(1.,0.,0.));
#2721=DIRECTION('',(1.,0.,0.));
#2722=DIRECTION('',(-1.,0.,0.));
#2723=DIRECTION('',(-1.,0.,0.));
#2724=DIRECTION('',(0.,-1.01981859314117E-16,-1.));
#2725=DIRECTION('',(1.,0.,0.));
#2726=DIRECTION('',(0.,-1.41691469742188E-17,1.));
#2727=DIRECTION('',(-1.,0.,0.));
#2728=DIRECTION('',(0.,8.45252854576086E-17,1.));
#2729=DIRECTION('',(1.,0.,0.));
#2730=DIRECTION('',(0.,-3.28741427763274E-18,-1.));
#2731=DIRECTION('',(-1.,0.,0.));
#2732=DIRECTION('',(0.,-2.79497680025125E-17,1.));
#2733=DIRECTION('',(1.,0.,0.));
#2734=DIRECTION('',(0.,-1.1763149887543E-16,-1.));
#2735=DIRECTION('',(1.,0.,0.));
#2736=DIRECTION('',(0.,2.102746056669E-16,1.));
#2737=DIRECTION('',(-1.,0.,0.));
#2738=DIRECTION('',(0.,-9.28632660321431E-17,-1.));
#2739=DIRECTION('',(-1.,0.,0.));
#2740=DIRECTION('',(1.,0.,0.));
#2741=DIRECTION('',(-1.,0.,0.));
#2742=DIRECTION('',(-1.,0.,0.));
#2743=DIRECTION('',(-1.,0.,0.));
#2744=DIRECTION('',(3.55569066777806E-16,-4.62006014907668E-10,-1.));
#2745=DIRECTION('',(8.72821613168077E-17,0.866025404916985,-0.499999998038372));
#2746=DIRECTION('',(-1.,0.,0.));
#2747=DIRECTION('',(1.,0.,0.));
#2748=DIRECTION('',(-1.,0.,0.));
#2749=DIRECTION('',(-2.34882180713562E-17,-0.866025403553436,0.500000000400109));
#2750=DIRECTION('',(5.16773408505617E-17,-0.866025402651892,-0.500000001961629));
#2751=DIRECTION('',(-1.,0.,0.));
#2752=DIRECTION('',(1.,0.,0.));
#2753=DIRECTION('',(-1.,0.,0.));
#2754=DIRECTION('',(-1.57046570998604E-16,0.866025404015442,0.499999999599891));
#2755=DIRECTION('',(-3.58926326165434E-16,-2.26509377275476E-9,1.));
#2756=DIRECTION('',(-1.,3.50604846764891E-30,9.47390314346797E-15));
#2757=DIRECTION('',(1.,0.,0.));
#2758=DIRECTION('',(-1.,0.,0.));
#2759=DIRECTION('',(1.,0.,0.));
#2760=DIRECTION('',(1.,0.,0.));
#2761=DIRECTION('',(1.,0.,0.));
#2762=DIRECTION('',(1.,0.,0.));
#2763=DIRECTION('',(1.,0.,0.));
#2764=DIRECTION('',(1.,0.,0.));
#2765=DIRECTION('',(-1.,0.,0.));
#2766=DIRECTION('',(-1.,0.,0.));
#2767=DIRECTION('',(1.,0.,0.));
#2768=DIRECTION('',(1.,0.,0.));
#2769=DIRECTION('',(1.,0.,0.));
#2770=DIRECTION('',(1.,0.,0.));
#2771=DIRECTION('',(1.,0.,0.));
#2772=DIRECTION('',(0.,-3.36791553266038E-16,-1.));
#2773=DIRECTION('',(-1.,0.,0.));
#2774=DIRECTION('',(0.,2.97729887749577E-16,1.));
#2775=DIRECTION('',(1.,0.,0.));
#2776=DIRECTION('',(0.,-3.14932223956522E-16,-1.));
#2777=DIRECTION('',(1.,0.,0.));
#2778=DIRECTION('',(0.,-3.14932223956522E-16,-1.));
#2779=DIRECTION('',(1.,-3.08824396535179E-14,4.55973756817017E-14));
#2780=DIRECTION('',(-3.78956125738724E-14,1.00785157997053E-9,1.));
#2781=DIRECTION('',(1.,0.,0.));
#2782=DIRECTION('',(0.,-0.928605223213873,-0.37106918414214));
#2783=DIRECTION('',(1.,0.,0.));
#2784=DIRECTION('',(0.,0.965322048852772,-0.261061950499661));
#2785=DIRECTION('',(1.,0.,0.));
#2786=DIRECTION('',(0.,-0.866025404648499,0.499999998503403));
#2787=DIRECTION('',(-1.,-1.63442697642703E-15,1.25715843332161E-15));
#2788=DIRECTION('',(-1.11022302462493E-15,0.965322049597217,-0.261061947746944));
#2789=DIRECTION('',(-1.,0.,0.));
#2790=DIRECTION('',(0.,-0.866025403222194,0.500000000973836));
#2791=DIRECTION('',(1.,0.,0.));
#2792=DIRECTION('',(0.,0.142947271578287,0.989730305461202));
#2793=DIRECTION('',(-1.,5.13952649393033E-15,-8.90192103662388E-15));
#2794=DIRECTION('',(6.60969986753578E-15,0.928605223533731,-0.371069183341691));
#2795=DIRECTION('',(-1.,0.,0.));
#2796=DIRECTION('',(0.,0.928605223533731,-0.37106918334169));
#2797=DIRECTION('',(1.,0.,0.));
#2798=DIRECTION('',(0.,-0.708747305520574,-0.705462441889947));
#2799=DIRECTION('',(1.,0.,0.));
#2800=DIRECTION('',(0.,0.86602540292038,0.500000001496593));
#2801=DIRECTION('',(-1.,0.,0.));
#2802=DIRECTION('',(0.,-0.708747303508909,-0.705462443910979));
#2803=DIRECTION('',(-1.,-2.68595452078794E-14,1.03986239990297E-14));
#2804=DIRECTION('',(-2.84217094304036E-14,0.866025404346681,0.499999999026168));
#2805=DIRECTION('',(1.,-2.68595452078792E-14,1.03986239990294E-14));
#2806=DIRECTION('',(2.8421709430404E-14,0.785657951635601,-0.618661121319056));
#2807=DIRECTION('',(-1.,-2.36418219164783E-13,2.56336668082023E-22));
#2808=DIRECTION('',(1.85071596291002E-13,-0.785657951102312,-0.618661121996297));
#2809=DIRECTION('',(-1.,0.,0.));
#2810=DIRECTION('',(0.,-0.785657951102313,-0.618661121996296));
#2811=DIRECTION('',(-1.,0.,0.));
#2812=DIRECTION('',(0.,0.785657949422,0.618661124130181));
#2813=DIRECTION('',(1.,0.,0.));
#2814=DIRECTION('',(0.,0.866025403280522,-0.500000000872808));
#2815=DIRECTION('',(-1.,0.,0.));
#2816=DIRECTION('',(0.,-0.256574746088306,0.966524391657924));
#2817=DIRECTION('',(1.,0.,0.));
#2818=DIRECTION('',(0.,-0.256574743332204,0.966524392389563));
#2819=DIRECTION('',(1.,0.,0.));
#2820=DIRECTION('',(0.,1.72812638273478E-9,-1.));
#2821=DIRECTION('',(-1.,0.,0.));
#2822=DIRECTION('',(0.,-0.142947272431418,0.989730305337983));
#2823=DIRECTION('',(-1.,0.,0.));
#2824=DIRECTION('',(0.,-0.142947272431418,0.989730305337983));
#2825=DIRECTION('',(-1.,4.42429995593431E-15,2.84603602407281E-14));
#2826=DIRECTION('',(-1.89478062869361E-14,0.142947275119589,-0.98973030494973));
#2827=DIRECTION('',(1.,0.,0.));
#2828=DIRECTION('',(0.,-0.866025404288351,-0.499999999127198));
#2829=DIRECTION('',(-1.,-6.16232965381528E-15,1.4926186745407E-14));
#2830=DIRECTION('',(1.44328993201245E-14,-0.708747303471417,0.705462443948645));
#2831=DIRECTION('',(1.,-6.16232965381558E-15,1.49261867454075E-14));
#2832=DIRECTION('',(-1.55431223447489E-14,-0.256574746088316,0.966524391657922));
#2833=DIRECTION('',(-1.,0.,0.));
#2834=DIRECTION('',(0.,0.965322049611089,0.261061947695649));
#2835=DIRECTION('',(1.,1.60076217301743E-14,2.12635934515457E-15));
#2836=DIRECTION('',(-1.4432899320124E-14,0.965322049597219,-0.261061947746939));
#2837=DIRECTION('',(1.,0.,0.));
#2838=DIRECTION('',(0.,-0.708747303508902,-0.705462443910985));
#2839=DIRECTION('',(-1.,1.60076217308539E-14,2.77260141444809E-14));
#2840=DIRECTION('',(-3.10862446894994E-14,-0.256574746139672,-0.966524391644289));
#2841=DIRECTION('',(-1.,8.44719466215813E-15,-2.75356394055357E-14));
#2842=DIRECTION('',(-9.47390314346795E-15,-0.928605224541576,0.371069180819546));
#2843=DIRECTION('',(-1.,0.,0.));
#2844=DIRECTION('',(0.,-1.12447414342872E-9,-1.));
#2845=DIRECTION('',(1.,0.,0.));
#2846=DIRECTION('',(0.,-0.866025403784438,-0.500000000000001));
#2847=DIRECTION('',(-1.,0.,0.));
#2848=DIRECTION('',(0.,0.866025403784441,0.499999999999996));
#2849=DIRECTION('',(1.,0.,0.));
#2850=DIRECTION('',(0.,0.866025403784439,-0.499999999999999));
#2851=DIRECTION('',(-1.,0.,0.));
#2852=DIRECTION('',(0.,-0.866025403784438,0.500000000000001));
#2853=DIRECTION('',(1.,0.,0.));
#2854=DIRECTION('',(0.,3.35553221348328E-16,1.));
#2855=DIRECTION('',(-1.,0.,0.));
#2856=DIRECTION('',(0.,-2.98968219667286E-16,-1.));
#2857=DIRECTION('',(1.,0.,0.));
#2858=DIRECTION('',(0.,2.82855840231664E-16,1.));
#2859=DIRECTION('',(-1.,0.,0.));
#2860=DIRECTION('',(0.,-3.20902538893703E-16,-1.));
#2861=DIRECTION('',(-1.,0.,0.));
#2862=DIRECTION('',(0.,-0.866025403784439,-0.499999999999999));
#2863=DIRECTION('',(1.,0.,0.));
#2864=DIRECTION('',(0.,0.866025403784436,0.500000000000004));
#2865=DIRECTION('',(-1.,0.,0.));
#2866=DIRECTION('',(0.,0.866025403784447,-0.499999999999985));
#2867=DIRECTION('',(1.,0.,0.));
#2868=DIRECTION('',(0.,-0.866025403784431,0.500000000000013));
#2869=DIRECTION('',(-1.,0.,0.));
#2870=DIRECTION('',(0.,-1.77635683940025E-15,-1.));
#2871=DIRECTION('',(1.,0.,0.));
#2872=DIRECTION('',(0.,0.,-1.));
#2873=DIRECTION('',(1.,-1.4210854715202E-14,2.52435489670723E-29));
#2874=DIRECTION('',(0.,5.32907051820074E-15,1.));
#2875=DIRECTION('',(1.,0.,0.));
#2876=DIRECTION('',(0.,-1.77635683940025E-15,-1.));
#2877=DIRECTION('',(0.,0.,1.));
#2878=DIRECTION('',(1.,0.,0.));
#2879=DIRECTION('',(0.,0.,1.));
#2880=DIRECTION('',(1.,0.,0.));
#2881=CARTESIAN_POINT('',(0.,0.,0.));
#2882=CARTESIAN_POINT('',(63.9396607753833,-2.53200136026119,-2.53200030972595));
#2883=CARTESIAN_POINT('',(62.7146602031788,-1.36026118547287E-6,-3.09725954801003E-7));
#2884=CARTESIAN_POINT('',(62.7146602031788,-1.36026118557638E-6,-3.09725955105478E-7));
#2885=CARTESIAN_POINT('',(62.7146602031788,-1.36026118567305E-6,-3.09725955993656E-7));
#2886=CARTESIAN_POINT('',(62.7146602031788,-1.36026118567844E-6,-3.09725954835214E-7));
#2887=CARTESIAN_POINT('',(61.4896596309743,-2.53200136026119,-2.53200030972595));
#2888=CARTESIAN_POINT('',(63.9396607753833,-1.36026118631401E-6,-2.10000030972595));
#2889=CARTESIAN_POINT('',(63.9396607753833,-1.36026118491982E-6,2.09999969027404));
#2890=CARTESIAN_POINT('',(63.9396607753833,-1.36026118607485E-6,-1.60000030972595));
#2891=CARTESIAN_POINT('',(63.9396607753833,-1.36026118506731E-6,1.59999969027404));
#2892=CARTESIAN_POINT('',(61.4896596309743,-1.36026118489792E-6,2.09999969027404));
#2893=CARTESIAN_POINT('',(61.4896596309743,-1.36026118629211E-6,-2.10000030972595));
#2894=CARTESIAN_POINT('',(61.4896596309743,-1.36026118605295E-6,-1.60000030972595));
#2895=CARTESIAN_POINT('',(61.4896596309743,-1.36026118515643E-6,1.59999969027404));
#2896=CARTESIAN_POINT('',(63.9396607753833,-1.3602611855018E-6,-3.0972595414272E-7));
#2897=CARTESIAN_POINT('',(63.9396607753833,-1.36026118553156E-6,2.09999969027405));
#2898=CARTESIAN_POINT('',(63.9396607753833,-1.36026118572923E-6,-2.10000030972595));
#2899=CARTESIAN_POINT('',(63.9396607753833,-1.36026118568875E-6,-3.09725954455045E-7));
#2900=CARTESIAN_POINT('',(63.9396607753833,-1.36026118569401E-6,-1.60000030972595));
#2901=CARTESIAN_POINT('',(63.9396607753833,-1.36026118548755E-6,1.59999969027405));
#2902=CARTESIAN_POINT('',(63.9396607753833,-1.36026118547287E-6,-3.09725954356914E-7));
#2903=CARTESIAN_POINT('',(63.9396607753833,-1.36026118553156E-6,2.09999969027405));
#2904=CARTESIAN_POINT('',(63.9396607753833,-1.36026118515699E-6,-2.10000030972595));
#2905=CARTESIAN_POINT('',(63.9396607753833,-1.36026118574124E-6,-3.09725954453929E-7));
#2906=CARTESIAN_POINT('',(63.9396607753833,-1.3602611854048E-6,1.59999969027405));
#2907=CARTESIAN_POINT('',(63.9396607753833,-1.36026118627363E-6,-1.60000030972595));
#2908=CARTESIAN_POINT('',(63.9396607753833,-1.36026118491982E-6,2.09999969027404));
#2909=CARTESIAN_POINT('',(61.4896596309743,-1.36026118489792E-6,2.09999969027404));
#2910=CARTESIAN_POINT('',(61.4896596309743,-1.36026118547287E-6,-3.09725955245092E-7));
#2911=CARTESIAN_POINT('',(61.4896596309743,-1.36026118553156E-6,2.09999969027404));
#2912=CARTESIAN_POINT('',(61.4896596309743,-1.36026118515699E-6,-2.10000030972596));
#2913=CARTESIAN_POINT('',(61.4896596309743,-1.36026118629211E-6,-2.10000030972595));
#2914=CARTESIAN_POINT('',(63.9396607753833,-1.36026118631401E-6,-2.10000030972595));
#2915=CARTESIAN_POINT('',(61.4896596309743,-1.3602611855018E-6,-3.09725955030898E-7));
#2916=CARTESIAN_POINT('',(61.4896596309743,-1.36026118571597E-6,-2.10000030972596));
#2917=CARTESIAN_POINT('',(61.4896596309743,-1.36026118554482E-6,2.09999969027404));
#2918=CARTESIAN_POINT('',(63.9396607753833,-1.36026118607485E-6,-1.60000030972595));
#2919=CARTESIAN_POINT('',(61.4896596309743,-1.36026118605295E-6,-1.60000030972595));
#2920=CARTESIAN_POINT('',(61.4896596309743,-1.36026118568875E-6,-3.09725955343223E-7));
#2921=CARTESIAN_POINT('',(61.4896596309743,-1.36026118569401E-6,-1.60000030972596));
#2922=CARTESIAN_POINT('',(61.4896596309743,-1.36026118548755E-6,1.59999969027404));
#2923=CARTESIAN_POINT('',(61.4896596309743,-1.36026118515643E-6,1.59999969027404));
#2924=CARTESIAN_POINT('',(63.9396607753833,-1.36026118506731E-6,1.59999969027404));
#2925=CARTESIAN_POINT('',(61.4896596309743,-1.36026118574124E-6,-3.09725955342107E-7));
#2926=CARTESIAN_POINT('',(61.4896596309743,-1.3602611854048E-6,1.59999969027404));
#2927=CARTESIAN_POINT('',(61.4896596309743,-1.36026118627363E-6,-1.60000030972596));
#2928=CARTESIAN_POINT('',(63.1396607753833,-1.36026118387299E-6,-3.09725955038596E-7));
#2929=CARTESIAN_POINT('',(63.0396607753833,-5.65200136026119,-5.65200030972595));
#2930=CARTESIAN_POINT('',(63.2396607753833,-5.65200136026119,5.65199969027405));
#2931=CARTESIAN_POINT('',(63.1396607753833,-1.36026118400922E-6,-3.09725954913065E-7));
#2932=CARTESIAN_POINT('',(63.1396607753833,-1.36026118376693E-6,-3.09725955394941E-7));
#2933=CARTESIAN_POINT('',(63.1396607753833,-1.3602611840148E-6,-3.09725954881855E-7));
#2934=CARTESIAN_POINT('',(63.0396607753833,-1.36026118492962E-6,-4.70000030972596));
#2935=CARTESIAN_POINT('',(63.2396607753833,-1.36026118492962E-6,-4.70000030972596));
#2936=CARTESIAN_POINT('',(63.2396607753833,-1.36026118270184E-6,4.69999969027405));
#2937=CARTESIAN_POINT('',(63.0396607753833,-1.36026118270184E-6,4.69999969027405));
#2938=CARTESIAN_POINT('',(63.0396607753833,-1.36026118341037E-6,1.59999969027404));
#2939=CARTESIAN_POINT('',(63.0396607753833,-1.36026118425978E-6,-1.60000030972595));
#2940=CARTESIAN_POINT('',(63.2396607753833,-1.36026118341037E-6,1.59999969027404));
#2941=CARTESIAN_POINT('',(63.2396607753833,-1.36026118427914E-6,-1.60000030972595));
#2942=CARTESIAN_POINT('',(63.0396607753833,-1.36026118492962E-6,-4.70000030972596));
#2943=CARTESIAN_POINT('',(63.2396607753833,-1.36026118492962E-6,-4.70000030972596));
#2944=CARTESIAN_POINT('',(63.2396607753833,-1.36026118369104E-6,-3.09725954408559E-7));
#2945=CARTESIAN_POINT('',(63.2396607753833,-1.36026118533853E-6,-4.70000030972595));
#2946=CARTESIAN_POINT('',(63.2396607753833,-1.36026118261914E-6,4.69999969027405));
#2947=CARTESIAN_POINT('',(63.2396607753833,-1.36026118270184E-6,4.69999969027405));
#2948=CARTESIAN_POINT('',(63.0396607753833,-1.36026118270184E-6,4.69999969027405));
#2949=CARTESIAN_POINT('',(63.0396607753833,-1.36026118369104E-6,-3.09725955296737E-7));
#2950=CARTESIAN_POINT('',(63.0396607753833,-1.36026118235628E-6,4.69999969027405));
#2951=CARTESIAN_POINT('',(63.0396607753833,-1.36026118560139E-6,-4.70000030972596));
#2952=CARTESIAN_POINT('',(63.0396607753833,-1.36026118388853E-6,-3.09725954927188E-7));
#2953=CARTESIAN_POINT('',(63.0396607753833,-1.36026118333979E-6,1.59999969027405));
#2954=CARTESIAN_POINT('',(63.0396607753833,-1.36026118463322E-6,-1.60000030972595));
#2955=CARTESIAN_POINT('',(63.2396607753833,-1.36026118341037E-6,1.59999969027404));
#2956=CARTESIAN_POINT('',(63.0396607753833,-1.36026118341037E-6,1.59999969027404));
#2957=CARTESIAN_POINT('',(63.2396607753833,-1.36026118388853E-6,-3.09725954705143E-7));
#2958=CARTESIAN_POINT('',(63.2396607753833,-1.36026118435502E-6,-1.60000030972595));
#2959=CARTESIAN_POINT('',(63.2396607753833,-1.36026118361799E-6,1.59999969027405));
#2960=CARTESIAN_POINT('',(63.0396607753833,-1.36026118425978E-6,-1.60000030972595));
#2961=CARTESIAN_POINT('',(63.2396607753833,-1.36026118427914E-6,-1.60000030972595));
#2962=CARTESIAN_POINT('',(63.0396607753833,-1.36026118367242E-6,-3.09725954914217E-7));
#2963=CARTESIAN_POINT('',(63.0396607753833,-1.36026118235628E-6,4.69999969027405));
#2964=CARTESIAN_POINT('',(63.0396607753833,-1.36026118441297E-6,-4.70000030972596));
#2965=CARTESIAN_POINT('',(63.2396607753833,-1.36026118367242E-6,-3.09725954026038E-7));
#2966=CARTESIAN_POINT('',(63.2396607753833,-1.36026118533853E-6,-4.70000030972595));
#2967=CARTESIAN_POINT('',(63.2396607753833,-1.36026118143072E-6,4.69999969027405));
#2968=CARTESIAN_POINT('',(63.2396607753833,-1.36026118394595E-6,-3.09725954632218E-7));
#2969=CARTESIAN_POINT('',(63.2396607753833,-1.36026118333979E-6,1.59999969027405));
#2970=CARTESIAN_POINT('',(63.2396607753833,-1.36026118435617E-6,-1.60000030972595));
#2971=CARTESIAN_POINT('',(63.0396607753833,-1.36026118394595E-6,-3.09725954854262E-7));
#2972=CARTESIAN_POINT('',(63.0396607753833,-1.36026118435502E-6,-1.60000030972595));
#2973=CARTESIAN_POINT('',(63.0396607753833,-1.36026118334093E-6,1.59999969027405));
#2974=CARTESIAN_POINT('',(60.4896596309743,-1.45513827465305E-6,-4.67939081483237E-7));
#2975=CARTESIAN_POINT('',(61.4896596309743,4.45477126633697,-4.67939079040747E-7));
#2976=CARTESIAN_POINT('',(59.4896596309743,4.45477126633697,-4.67939079928925E-7));
#2977=CARTESIAN_POINT('',(60.4896596309743,-1.45513827420896E-6,-4.67939081927327E-7));
#2978=CARTESIAN_POINT('',(61.4896596309743,-1.78191054372837,-1.78190955652918));
#2979=CARTESIAN_POINT('',(59.4896596309743,-1.78191054372837,-1.78190955652918));
#2980=CARTESIAN_POINT('',(61.4896596309743,1.78190763345182,1.78190862065102));
#2981=CARTESIAN_POINT('',(59.4896596309743,1.78190763345182,1.78190862065102));
#2982=CARTESIAN_POINT('',(61.4896596309743,-1.45513827454202E-6,-4.67939081261193E-7));
#2983=CARTESIAN_POINT('',(61.4896596309743,-1.78191054372837,-1.78190955652918));
#2984=CARTESIAN_POINT('',(61.4896596309743,1.78190763345182,1.78190862065102));
#2985=CARTESIAN_POINT('',(61.4896596309743,-1.78191054372837,-1.78190955652918));
#2986=CARTESIAN_POINT('',(59.4896596309743,-1.78191054372837,-1.78190955652918));
#2987=CARTESIAN_POINT('',(59.4896596309743,-1.45513827454202E-6,-4.67939081927327E-7));
#2988=CARTESIAN_POINT('',(59.4896596309743,-1.78191054372837,-1.78190955652918));
#2989=CARTESIAN_POINT('',(59.4896596309743,1.78190763345182,1.78190862065102));
#2990=CARTESIAN_POINT('',(61.4896596309743,1.78190763345182,1.78190862065102));
#2991=CARTESIAN_POINT('',(59.4896596309743,1.78190763345182,1.78190862065102));
#2992=CARTESIAN_POINT('',(61.4896596309743,-1.45513827431998E-6,-4.67939081483237E-7));
#2993=CARTESIAN_POINT('',(61.4896596309743,1.78190763345182,1.78190862065102));
#2994=CARTESIAN_POINT('',(61.4896596309743,-1.78191054372837,-1.78190955652918));
#2995=CARTESIAN_POINT('',(59.4896596309743,-1.45513827431998E-6,-4.67939082149371E-7));
#2996=CARTESIAN_POINT('',(59.4896596309743,1.78190763345182,1.78190862065102));
#2997=CARTESIAN_POINT('',(59.4896596309743,-1.78191054372837,-1.78190955652918));
#2998=CARTESIAN_POINT('',(61.2396596309743,-1.45513827254362E-6,-4.67939083703683E-7));
#2999=CARTESIAN_POINT('',(59.4896596309743,-1.45513827654042E-6,6.18718386744321));
#3000=CARTESIAN_POINT('',(62.9896596309743,-1.45513827654042E-6,6.18718386744321));
#3001=CARTESIAN_POINT('',(70.7396596309743,-1.45513827187749E-6,-4.67939080039947E-7));
#3002=CARTESIAN_POINT('',(61.2396596309743,-1.45513827587429E-6,-4.67939080373014E-7));
#3003=CARTESIAN_POINT('',(70.7396596309743,-1.45513827554122E-6,-4.67939076376211E-7));
#3004=CARTESIAN_POINT('',(59.4896596309743,-2.47487518929119,-2.47487420209201));
#3005=CARTESIAN_POINT('',(62.9896596309743,-2.47487518929119,-2.474874202092));
#3006=CARTESIAN_POINT('',(59.4896596309743,-1.80312374716397,-1.80312275996477));
#3007=CARTESIAN_POINT('',(62.9896596309743,-1.80312374716397,-1.80312275996477));
#3008=CARTESIAN_POINT('',(59.4896596309743,2.47487227901464,2.47487326621384));
#3009=CARTESIAN_POINT('',(62.9896596309743,2.47487227901464,2.47487326621384));
#3010=CARTESIAN_POINT('',(59.4896596309743,1.80312083688742,1.80312182408661));
#3011=CARTESIAN_POINT('',(62.9896596309743,1.80312083688742,1.80312182408661));
#3012=CARTESIAN_POINT('',(59.4896596309743,-1.45513827254362E-6,-4.67939084147773E-7));
#3013=CARTESIAN_POINT('',(59.4896596309743,-2.47487518929119,-2.47487420209201));
#3014=CARTESIAN_POINT('',(59.4896596309743,2.47487227901464,2.47487326621384));
#3015=CARTESIAN_POINT('',(59.4896596309743,-2.47487518929119,-2.47487420209201));
#3016=CARTESIAN_POINT('',(62.9896596309743,-2.47487518929119,-2.474874202092));
#3017=CARTESIAN_POINT('',(62.9896596309743,-1.45513827254362E-6,-4.6793908303755E-7));
#3018=CARTESIAN_POINT('',(62.9896596309743,-2.47487518929119,-2.474874202092));
#3019=CARTESIAN_POINT('',(62.9896596309743,2.47487227901464,2.47487326621384));
#3020=CARTESIAN_POINT('',(59.4896596309743,-1.45513827598531E-6,-4.67939080039947E-7));
#3021=CARTESIAN_POINT('',(59.4896596309743,-1.80312374716397,-1.80312275996477));
#3022=CARTESIAN_POINT('',(59.4896596309743,1.80312083688742,1.80312182408661));
#3023=CARTESIAN_POINT('',(62.9896596309743,-1.4551382754302E-6,-4.67939079151769E-7));
#3024=CARTESIAN_POINT('',(62.9896596309743,-1.80312374716397,-1.80312275996477));
#3025=CARTESIAN_POINT('',(62.9896596309743,1.80312083688742,1.80312182408661));
#3026=CARTESIAN_POINT('',(59.4896596309743,-1.80312374716397,-1.80312275996477));
#3027=CARTESIAN_POINT('',(62.9896596309743,-1.80312374716397,-1.80312275996477));
#3028=CARTESIAN_POINT('',(59.4896596309743,2.47487227901464,2.47487326621384));
#3029=CARTESIAN_POINT('',(62.9896596309743,2.47487227901464,2.47487326621384));
#3030=CARTESIAN_POINT('',(59.4896596309743,-1.45513827609633E-6,-4.67939080595059E-7));
#3031=CARTESIAN_POINT('',(59.4896596309743,2.47487227901464,2.47487326621384));
#3032=CARTESIAN_POINT('',(59.4896596309743,-2.47487518929119,-2.474874202092));
#3033=CARTESIAN_POINT('',(62.9896596309743,-1.45513827565225E-6,-4.67939079928925E-7));
#3034=CARTESIAN_POINT('',(62.9896596309743,2.47487227901464,2.47487326621384));
#3035=CARTESIAN_POINT('',(62.9896596309743,-2.47487518929119,-2.474874202092));
#3036=CARTESIAN_POINT('',(59.4896596309743,1.80312083688742,1.80312182408661));
#3037=CARTESIAN_POINT('',(62.9896596309743,1.80312083688742,1.80312182408661));
#3038=CARTESIAN_POINT('',(59.4896596309743,-1.45513827232158E-6,-4.67939083703683E-7));
#3039=CARTESIAN_POINT('',(59.4896596309743,1.80312083688742,1.80312182408661));
#3040=CARTESIAN_POINT('',(59.4896596309743,-1.80312374716397,-1.80312275996477));
#3041=CARTESIAN_POINT('',(62.9896596309743,-1.45513827232158E-6,-4.67939082260393E-7));
#3042=CARTESIAN_POINT('',(62.9896596309743,1.80312083688742,1.80312182408661));
#3043=CARTESIAN_POINT('',(62.9896596309743,-1.80312374716397,-1.80312275996477));
#3044=CARTESIAN_POINT('',(58.8396607753833,-9.02397841355503,-5.03267734502497));
#3045=CARTESIAN_POINT('',(58.8396607753833,-9.6782264281439,-2.51633882737547));
#3046=CARTESIAN_POINT('',(58.8396607753833,-10.3324744427328,-3.0972595258031E-7));
#3047=CARTESIAN_POINT('',(67.1396607753833,-1.36026118190537E-6,-3.09725953255238E-7));
#3048=CARTESIAN_POINT('',(66.3396607753833,-13.2120013602612,-13.2120003097259));
#3049=CARTESIAN_POINT('',(67.9396607753833,-13.2120013602612,13.2119996902741));
#3050=CARTESIAN_POINT('',(67.1396607753833,-1.3602611820162E-6,-3.09725953523071E-7));
#3051=CARTESIAN_POINT('',(66.3396607753833,-1.36026118242099E-6,-11.000000309726));
#3052=CARTESIAN_POINT('',(67.9396607753833,-1.36026118242099E-6,-11.000000309726));
#3053=CARTESIAN_POINT('',(67.9396607753833,-1.36026118025825E-6,10.9999996902741));
#3054=CARTESIAN_POINT('',(66.3396607753833,-1.36026118025825E-6,10.9999996902741));
#3055=CARTESIAN_POINT('',(66.3396607753833,-1.36026118242099E-6,-11.000000309726));
#3056=CARTESIAN_POINT('',(67.9396607753833,-1.36026118242099E-6,-11.000000309726));
#3057=CARTESIAN_POINT('',(67.9396607753833,-1.36026118164061E-6,-3.09725953304493E-7));
#3058=CARTESIAN_POINT('',(67.9396607753833,-1.36026118357639E-6,-11.000000309726));
#3059=CARTESIAN_POINT('',(67.9396607753833,-1.36026118105194E-6,10.999999690274));
#3060=CARTESIAN_POINT('',(67.9396607753833,-1.36026118025825E-6,10.9999996902741));
#3061=CARTESIAN_POINT('',(66.3396607753833,-1.36026118025825E-6,10.9999996902741));
#3062=CARTESIAN_POINT('',(66.3396607753833,-1.36026118183687E-6,-3.09725953132859E-7));
#3063=CARTESIAN_POINT('',(66.3396607753833,-1.36026118056571E-6,10.999999690274));
#3064=CARTESIAN_POINT('',(66.3396607753833,-1.36026118445514E-6,-11.000000309726));
#3065=CARTESIAN_POINT('',(66.3396607753833,-1.36026118164061E-6,-3.09725953353748E-7));
#3066=CARTESIAN_POINT('',(66.3396607753833,-1.36026118357639E-6,-11.000000309726));
#3067=CARTESIAN_POINT('',(66.3396607753833,-1.36026117835771E-6,10.999999690274));
#3068=CARTESIAN_POINT('',(67.9396607753833,-1.36026118164061E-6,-3.09725953353748E-7));
#3069=CARTESIAN_POINT('',(67.9396607753833,-1.36026118056571E-6,10.999999690274));
#3070=CARTESIAN_POINT('',(67.9396607753833,-1.3602611813684E-6,-11.000000309726));
#3071=CARTESIAN_POINT('',(63.0276607753833,-10.6179866347163,-4.06811303564064));
#3072=CARTESIAN_POINT('',(66.6516607753833,-10.6427907375283,-4.11034704853671));
#3073=CARTESIAN_POINT('',(63.0276607753833,-7.42997019239379,-5.9972416544093));
#3074=CARTESIAN_POINT('',(66.6516607753833,-7.40516608958182,-5.95500764151323));
#3075=CARTESIAN_POINT('',(66.3396607753833,-10.8779382084744,-3.17871755010552));
#3076=CARTESIAN_POINT('',(63.3396607753833,-10.8779382084744,-6.8866371399444));
#3077=CARTESIAN_POINT('',(63.0276607753833,-10.0892125704773,-3.49538207195594));
#3078=CARTESIAN_POINT('',(66.6516607753833,-9.20553591254197,-6.89413844863043));
#3079=CARTESIAN_POINT('',(66.6516607753833,-8.84242091456809,-3.17121624141951));
#3080=CARTESIAN_POINT('',(63.0276607753833,-7.9587442566327,-6.56997261809402));
#3081=CARTESIAN_POINT('',(63.3396607753833,-10.5589449093212,-4.2951965948523));
#3082=CARTESIAN_POINT('',(63.3396607753833,-10.0053504354383,-6.42440610978651));
#3083=CARTESIAN_POINT('',(66.3396607753833,-10.0053504354383,-6.42440610978651));
#3084=CARTESIAN_POINT('',(66.3396607753833,-10.5589449093212,-4.2951965948523));
#3085=CARTESIAN_POINT('',(63.3396607753833,-10.4157071783166,-4.05130532314167));
#3086=CARTESIAN_POINT('',(66.3396607753833,-10.4157071783166,-4.05130532314167));
#3087=CARTESIAN_POINT('',(66.3396607753833,-8.28649766338236,-3.49771084925876));
#3088=CARTESIAN_POINT('',(63.3396607753833,-8.28649766338236,-3.49771084925876));
#3089=CARTESIAN_POINT('',(63.3396607753833,-8.04260639167171,-3.64094858026343));
#3090=CARTESIAN_POINT('',(66.3396607753833,-8.04260639167172,-3.64094858026343));
#3091=CARTESIAN_POINT('',(66.3396607753833,-7.48901191778883,-5.77015809519764));
#3092=CARTESIAN_POINT('',(63.3396607753833,-7.48901191778883,-5.77015809519764));
#3093=CARTESIAN_POINT('',(63.3396607753833,-7.63224964879349,-6.01404936690827));
#3094=CARTESIAN_POINT('',(66.3396607753833,-7.63224964879349,-6.01404936690827));
#3095=CARTESIAN_POINT('',(66.3396607753833,-9.76145916372769,-6.56764384079117));
#3096=CARTESIAN_POINT('',(63.3396607753833,-9.7614591637277,-6.56764384079117));
#3097=CARTESIAN_POINT('',(63.3396607753833,-10.5589449093212,-4.2951965948523));
#3098=CARTESIAN_POINT('',(63.3396607753833,-10.0053504354383,-6.42440610978651));
#3099=CARTESIAN_POINT('',(63.3396607753833,-10.0053504354383,-6.42440610978651));
#3100=CARTESIAN_POINT('',(66.3396607753833,-10.0053504354383,-6.42440610978651));
#3101=CARTESIAN_POINT('',(66.3396607753833,-10.0053504354383,-6.42440610978651));
#3102=CARTESIAN_POINT('',(66.3396607753833,-10.5589449093212,-4.2951965948523));
#3103=CARTESIAN_POINT('',(66.3396607753833,-10.5589449093212,-4.2951965948523));
#3104=CARTESIAN_POINT('',(63.3396607753833,-10.5589449093212,-4.2951965948523));
#3105=CARTESIAN_POINT('',(63.3396607753833,-10.4157071783166,-4.05130532314167));
#3106=CARTESIAN_POINT('',(66.3396607753833,-10.4157071783166,-4.05130532314167));
#3107=CARTESIAN_POINT('',(66.3396607753833,-10.4157071783166,-4.05130532314167));
#3108=CARTESIAN_POINT('',(66.3396607753833,-8.28649766338236,-3.49771084925876));
#3109=CARTESIAN_POINT('',(66.3396607753833,-8.28649766338236,-3.49771084925876));
#3110=CARTESIAN_POINT('',(63.3396607753833,-8.28649766338236,-3.49771084925876));
#3111=CARTESIAN_POINT('',(63.3396607753833,-8.28649766338236,-3.49771084925876));
#3112=CARTESIAN_POINT('',(63.3396607753833,-10.4157071783166,-4.05130532314167));
#3113=CARTESIAN_POINT('',(63.3396607753833,-8.04260639167171,-3.64094858026343));
#3114=CARTESIAN_POINT('',(66.3396607753833,-8.04260639167172,-3.64094858026343));
#3115=CARTESIAN_POINT('',(66.3396607753833,-8.04260639167172,-3.64094858026343));
#3116=CARTESIAN_POINT('',(66.3396607753833,-7.48901191778883,-5.77015809519764));
#3117=CARTESIAN_POINT('',(66.3396607753833,-7.48901191778883,-5.77015809519764));
#3118=CARTESIAN_POINT('',(63.3396607753833,-7.48901191778883,-5.77015809519764));
#3119=CARTESIAN_POINT('',(63.3396607753833,-7.48901191778883,-5.77015809519764));
#3120=CARTESIAN_POINT('',(63.3396607753833,-8.04260639167171,-3.64094858026343));
#3121=CARTESIAN_POINT('',(63.3396607753833,-7.63224964879349,-6.01404936690827));
#3122=CARTESIAN_POINT('',(66.3396607753833,-7.63224964879349,-6.01404936690827));
#3123=CARTESIAN_POINT('',(66.3396607753833,-7.63224964879349,-6.01404936690827));
#3124=CARTESIAN_POINT('',(66.3396607753833,-9.76145916372769,-6.56764384079117));
#3125=CARTESIAN_POINT('',(66.3396607753833,-9.76145916372769,-6.56764384079117));
#3126=CARTESIAN_POINT('',(63.3396607753833,-9.7614591637277,-6.56764384079117));
#3127=CARTESIAN_POINT('',(63.3396607753833,-9.7614591637277,-6.56764384079117));
#3128=CARTESIAN_POINT('',(63.3396607753833,-7.63224964879349,-6.01404936690827));
#3129=CARTESIAN_POINT('',(66.3396607753833,-10.4157071783166,-4.05130532314167));
#3130=CARTESIAN_POINT('',(66.3396607753833,-10.5589449093212,-4.2951965948523));
#3131=CARTESIAN_POINT('',(63.3396607753833,-10.5589449093212,-4.2951965948523));
#3132=CARTESIAN_POINT('',(63.3396607753833,-10.4157071783166,-4.05130532314167));
#3133=CARTESIAN_POINT('',(63.3396607753833,-9.7614591637277,-6.56764384079117));
#3134=CARTESIAN_POINT('',(63.3396607753833,-10.0053504354383,-6.42440610978651));
#3135=CARTESIAN_POINT('',(66.3396607753833,-10.0053504354383,-6.42440610978651));
#3136=CARTESIAN_POINT('',(66.3396607753833,-9.76145916372769,-6.56764384079117));
#3137=CARTESIAN_POINT('',(66.3396607753833,-8.04260639167172,-3.64094858026343));
#3138=CARTESIAN_POINT('',(66.3396607753833,-8.28649766338236,-3.49771084925876));
#3139=CARTESIAN_POINT('',(63.3396607753833,-8.28649766338236,-3.49771084925876));
#3140=CARTESIAN_POINT('',(63.3396607753833,-8.04260639167171,-3.64094858026343));
#3141=CARTESIAN_POINT('',(66.3396607753833,-7.63224964879349,-6.01404936690827));
#3142=CARTESIAN_POINT('',(66.3396607753833,-7.48901191778883,-5.77015809519764));
#3143=CARTESIAN_POINT('',(63.3396607753833,-7.48901191778883,-5.77015809519764));
#3144=CARTESIAN_POINT('',(63.3396607753833,-7.63224964879349,-6.01404936690827));
#3145=CARTESIAN_POINT('',(58.3776607753833,-9.49608678484729,-4.21038294413852));
#3146=CARTESIAN_POINT('',(63.8016607753833,-9.97208974032395,-5.02087446292311));
#3147=CARTESIAN_POINT('',(58.3776607753833,-8.55187004226275,-5.85497174591143));
#3148=CARTESIAN_POINT('',(63.8016607753833,-8.0758670867861,-5.04448022712685));
#3149=CARTESIAN_POINT('',(63.3396607753833,-10.001815321121,-4.054840437459));
#3150=CARTESIAN_POINT('',(58.8396607753833,-10.001815321121,-6.01051425259093));
#3151=CARTESIAN_POINT('',(63.3396607753833,-9.20302557731086,-5.33754143466327));
#3152=CARTESIAN_POINT('',(63.3396607753833,-9.32884250319333,-4.85363018126914));
#3153=CARTESIAN_POINT('',(58.8396607753833,-9.32884250319333,-4.85363018126915));
#3154=CARTESIAN_POINT('',(58.8396607753833,-9.20302557731086,-5.33754143466327));
#3155=CARTESIAN_POINT('',(63.3396607753833,-8.84493124979919,-4.72781325538667));
#3156=CARTESIAN_POINT('',(58.8396607753833,-8.84493124979919,-4.72781325538667));
#3157=CARTESIAN_POINT('',(63.3396607753833,-8.71911432391672,-5.21172450878081));
#3158=CARTESIAN_POINT('',(58.8396607753833,-8.71911432391672,-5.21172450878081));
#3159=CARTESIAN_POINT('',(63.3396607753833,-9.20302557731086,-5.33754143466327));
#3160=CARTESIAN_POINT('',(63.3396607753833,-9.32884250319333,-4.85363018126914));
#3161=CARTESIAN_POINT('',(63.3396607753833,-9.32884250319333,-4.85363018126914));
#3162=CARTESIAN_POINT('',(58.8396607753833,-9.32884250319333,-4.85363018126915));
#3163=CARTESIAN_POINT('',(58.8396607753833,-9.32884250319333,-4.85363018126915));
#3164=CARTESIAN_POINT('',(58.8396607753833,-9.20302557731086,-5.33754143466327));
#3165=CARTESIAN_POINT('',(58.8396607753833,-9.20302557731086,-5.33754143466327));
#3166=CARTESIAN_POINT('',(63.3396607753833,-9.20302557731086,-5.33754143466327));
#3167=CARTESIAN_POINT('',(63.3396607753833,-9.32884250319333,-4.85363018126914));
#3168=CARTESIAN_POINT('',(63.3396607753833,-8.84493124979919,-4.72781325538667));
#3169=CARTESIAN_POINT('',(63.3396607753833,-8.84493124979919,-4.72781325538667));
#3170=CARTESIAN_POINT('',(58.8396607753833,-8.84493124979919,-4.72781325538667));
#3171=CARTESIAN_POINT('',(58.8396607753833,-8.84493124979919,-4.72781325538667));
#3172=CARTESIAN_POINT('',(58.8396607753833,-9.32884250319333,-4.85363018126915));
#3173=CARTESIAN_POINT('',(63.3396607753833,-8.84493124979919,-4.72781325538667));
#3174=CARTESIAN_POINT('',(63.3396607753833,-8.71911432391672,-5.21172450878081));
#3175=CARTESIAN_POINT('',(63.3396607753833,-8.71911432391672,-5.21172450878081));
#3176=CARTESIAN_POINT('',(58.8396607753833,-8.71911432391672,-5.21172450878081));
#3177=CARTESIAN_POINT('',(58.8396607753833,-8.71911432391672,-5.21172450878081));
#3178=CARTESIAN_POINT('',(58.8396607753833,-8.84493124979919,-4.72781325538667));
#3179=CARTESIAN_POINT('',(63.3396607753833,-8.71911432391672,-5.21172450878081));
#3180=CARTESIAN_POINT('',(63.3396607753833,-9.20302557731086,-5.33754143466327));
#3181=CARTESIAN_POINT('',(58.8396607753833,-9.20302557731086,-5.33754143466327));
#3182=CARTESIAN_POINT('',(58.8396607753833,-8.71911432391672,-5.21172450878081));
#3183=CARTESIAN_POINT('',(63.0276607753833,-11.2722346493051,-1.55177451799112));
#3184=CARTESIAN_POINT('',(66.6516607753833,-11.2970387521172,-1.5940085308872));
#3185=CARTESIAN_POINT('',(63.0276607753833,-8.08421820698267,-3.4809031367598));
#3186=CARTESIAN_POINT('',(66.6516607753833,-8.0594141041707,-3.43866912386373));
#3187=CARTESIAN_POINT('',(66.3396607753833,-11.5321862230633,-0.662379032456013));
#3188=CARTESIAN_POINT('',(63.3396607753833,-11.5321862230633,-4.37029862229489));
#3189=CARTESIAN_POINT('',(63.0276607753833,-10.7434605850662,-0.979043554306429));
#3190=CARTESIAN_POINT('',(66.6516607753833,-9.85978392713085,-4.37779993098087));
#3191=CARTESIAN_POINT('',(66.6516607753833,-9.49666892915697,-0.65487772377001));
#3192=CARTESIAN_POINT('',(63.0276607753833,-8.61299227122159,-4.05363410044452));
#3193=CARTESIAN_POINT('',(63.3396607753833,-11.2131929239101,-1.77885807720279));
#3194=CARTESIAN_POINT('',(63.3396607753833,-10.6595984500272,-3.90806759213701));
#3195=CARTESIAN_POINT('',(66.3396607753833,-10.6595984500272,-3.90806759213699));
#3196=CARTESIAN_POINT('',(66.3396607753833,-11.2131929239101,-1.77885807720279));
#3197=CARTESIAN_POINT('',(63.3396607753833,-11.0699551929055,-1.53496680549215));
#3198=CARTESIAN_POINT('',(66.3396607753833,-11.0699551929055,-1.53496680549215));
#3199=CARTESIAN_POINT('',(66.3396607753833,-8.94074567797124,-0.981372331609254));
#3200=CARTESIAN_POINT('',(63.3396607753833,-8.94074567797124,-0.981372331609255));
#3201=CARTESIAN_POINT('',(63.3396607753833,-8.6968544062606,-1.12461006261391));
#3202=CARTESIAN_POINT('',(66.3396607753833,-8.6968544062606,-1.12461006261391));
#3203=CARTESIAN_POINT('',(66.3396607753833,-8.14325993237771,-3.25381957754813));
#3204=CARTESIAN_POINT('',(63.3396607753833,-8.14325993237771,-3.25381957754813));
#3205=CARTESIAN_POINT('',(63.3396607753833,-8.28649766338237,-3.49771084925877));
#3206=CARTESIAN_POINT('',(66.3396607753833,-8.28649766338237,-3.49771084925876));
#3207=CARTESIAN_POINT('',(66.3396607753833,-10.4157071783166,-4.05130532314167));
#3208=CARTESIAN_POINT('',(63.3396607753833,-10.4157071783166,-4.05130532314165));
#3209=CARTESIAN_POINT('',(63.3396607753833,-11.2131929239101,-1.77885807720279));
#3210=CARTESIAN_POINT('',(63.3396607753833,-10.6595984500272,-3.90806759213701));
#3211=CARTESIAN_POINT('',(63.3396607753833,-10.6595984500272,-3.90806759213701));
#3212=CARTESIAN_POINT('',(66.3396607753833,-10.6595984500272,-3.90806759213699));
#3213=CARTESIAN_POINT('',(66.3396607753833,-10.6595984500272,-3.90806759213699));
#3214=CARTESIAN_POINT('',(66.3396607753833,-11.2131929239101,-1.77885807720279));
#3215=CARTESIAN_POINT('',(66.3396607753833,-11.2131929239101,-1.77885807720279));
#3216=CARTESIAN_POINT('',(63.3396607753833,-11.2131929239101,-1.77885807720279));
#3217=CARTESIAN_POINT('',(63.3396607753833,-11.0699551929055,-1.53496680549215));
#3218=CARTESIAN_POINT('',(66.3396607753833,-11.0699551929055,-1.53496680549215));
#3219=CARTESIAN_POINT('',(66.3396607753833,-11.0699551929055,-1.53496680549215));
#3220=CARTESIAN_POINT('',(66.3396607753833,-8.94074567797124,-0.981372331609254));
#3221=CARTESIAN_POINT('',(66.3396607753833,-8.94074567797124,-0.981372331609254));
#3222=CARTESIAN_POINT('',(63.3396607753833,-8.94074567797124,-0.981372331609255));
#3223=CARTESIAN_POINT('',(63.3396607753833,-8.94074567797124,-0.981372331609255));
#3224=CARTESIAN_POINT('',(63.3396607753833,-11.0699551929055,-1.53496680549215));
#3225=CARTESIAN_POINT('',(63.3396607753833,-8.6968544062606,-1.12461006261391));
#3226=CARTESIAN_POINT('',(66.3396607753833,-8.6968544062606,-1.12461006261391));
#3227=CARTESIAN_POINT('',(66.3396607753833,-8.6968544062606,-1.12461006261391));
#3228=CARTESIAN_POINT('',(66.3396607753833,-8.14325993237771,-3.25381957754813));
#3229=CARTESIAN_POINT('',(66.3396607753833,-8.14325993237771,-3.25381957754813));
#3230=CARTESIAN_POINT('',(63.3396607753833,-8.14325993237771,-3.25381957754813));
#3231=CARTESIAN_POINT('',(63.3396607753833,-8.14325993237771,-3.25381957754813));
#3232=CARTESIAN_POINT('',(63.3396607753833,-8.6968544062606,-1.12461006261391));
#3233=CARTESIAN_POINT('',(63.3396607753833,-8.28649766338237,-3.49771084925877));
#3234=CARTESIAN_POINT('',(66.3396607753833,-8.28649766338237,-3.49771084925876));
#3235=CARTESIAN_POINT('',(66.3396607753833,-8.28649766338237,-3.49771084925876));
#3236=CARTESIAN_POINT('',(66.3396607753833,-10.4157071783166,-4.05130532314167));
#3237=CARTESIAN_POINT('',(66.3396607753833,-10.4157071783166,-4.05130532314167));
#3238=CARTESIAN_POINT('',(63.3396607753833,-10.4157071783166,-4.05130532314165));
#3239=CARTESIAN_POINT('',(63.3396607753833,-10.4157071783166,-4.05130532314165));
#3240=CARTESIAN_POINT('',(63.3396607753833,-8.28649766338237,-3.49771084925877));
#3241=CARTESIAN_POINT('',(66.3396607753833,-11.0699551929055,-1.53496680549215));
#3242=CARTESIAN_POINT('',(66.3396607753833,-11.2131929239101,-1.77885807720279));
#3243=CARTESIAN_POINT('',(63.3396607753833,-11.2131929239101,-1.77885807720279));
#3244=CARTESIAN_POINT('',(63.3396607753833,-11.0699551929055,-1.53496680549215));
#3245=CARTESIAN_POINT('',(63.3396607753833,-10.4157071783166,-4.05130532314165));
#3246=CARTESIAN_POINT('',(63.3396607753833,-10.6595984500272,-3.90806759213701));
#3247=CARTESIAN_POINT('',(66.3396607753833,-10.6595984500272,-3.90806759213699));
#3248=CARTESIAN_POINT('',(66.3396607753833,-10.4157071783166,-4.05130532314167));
#3249=CARTESIAN_POINT('',(66.3396607753833,-8.6968544062606,-1.12461006261391));
#3250=CARTESIAN_POINT('',(66.3396607753833,-8.94074567797124,-0.981372331609254));
#3251=CARTESIAN_POINT('',(63.3396607753833,-8.94074567797124,-0.981372331609255));
#3252=CARTESIAN_POINT('',(63.3396607753833,-8.6968544062606,-1.12461006261391));
#3253=CARTESIAN_POINT('',(66.3396607753833,-8.28649766338237,-3.49771084925876));
#3254=CARTESIAN_POINT('',(66.3396607753833,-8.14325993237771,-3.25381957754813));
#3255=CARTESIAN_POINT('',(63.3396607753833,-8.14325993237771,-3.25381957754813));
#3256=CARTESIAN_POINT('',(63.3396607753833,-8.28649766338237,-3.49771084925877));
#3257=CARTESIAN_POINT('',(58.3776607753833,-10.1503347994362,-1.69404442648902));
#3258=CARTESIAN_POINT('',(63.8016607753833,-10.6263377549128,-2.50453594527359));
#3259=CARTESIAN_POINT('',(58.3776607753833,-9.20611805685163,-3.33863322826192));
#3260=CARTESIAN_POINT('',(63.8016607753833,-8.73011510137498,-2.52814170947733));
#3261=CARTESIAN_POINT('',(63.3396607753833,-10.6560633357099,-1.5385019198095));
#3262=CARTESIAN_POINT('',(58.8396607753833,-10.6560633357099,-3.49417573494143));
#3263=CARTESIAN_POINT('',(63.3396607753833,-9.85727359189973,-2.82120291701377));
#3264=CARTESIAN_POINT('',(63.3396607753833,-9.98309051778221,-2.33729166361963));
#3265=CARTESIAN_POINT('',(58.8396607753833,-9.98309051778221,-2.33729166361963));
#3266=CARTESIAN_POINT('',(58.8396607753833,-9.85727359189973,-2.82120291701377));
#3267=CARTESIAN_POINT('',(63.3396607753833,-9.49917926438807,-2.21147473773715));
#3268=CARTESIAN_POINT('',(58.8396607753833,-9.49917926438807,-2.21147473773715));
#3269=CARTESIAN_POINT('',(63.3396607753833,-9.3733623385056,-2.69538599113129));
#3270=CARTESIAN_POINT('',(58.8396607753833,-9.3733623385056,-2.6953859911313));
#3271=CARTESIAN_POINT('',(63.3396607753833,-9.85727359189973,-2.82120291701377));
#3272=CARTESIAN_POINT('',(63.3396607753833,-9.98309051778221,-2.33729166361963));
#3273=CARTESIAN_POINT('',(63.3396607753833,-9.98309051778221,-2.33729166361963));
#3274=CARTESIAN_POINT('',(58.8396607753833,-9.98309051778221,-2.33729166361963));
#3275=CARTESIAN_POINT('',(58.8396607753833,-9.98309051778221,-2.33729166361963));
#3276=CARTESIAN_POINT('',(58.8396607753833,-9.85727359189973,-2.82120291701377));
#3277=CARTESIAN_POINT('',(58.8396607753833,-9.85727359189973,-2.82120291701377));
#3278=CARTESIAN_POINT('',(63.3396607753833,-9.85727359189973,-2.82120291701377));
#3279=CARTESIAN_POINT('',(63.3396607753833,-9.98309051778221,-2.33729166361963));
#3280=CARTESIAN_POINT('',(63.3396607753833,-9.49917926438807,-2.21147473773715));
#3281=CARTESIAN_POINT('',(63.3396607753833,-9.49917926438807,-2.21147473773715));
#3282=CARTESIAN_POINT('',(58.8396607753833,-9.49917926438807,-2.21147473773715));
#3283=CARTESIAN_POINT('',(58.8396607753833,-9.49917926438807,-2.21147473773715));
#3284=CARTESIAN_POINT('',(58.8396607753833,-9.98309051778221,-2.33729166361963));
#3285=CARTESIAN_POINT('',(63.3396607753833,-9.49917926438807,-2.21147473773715));
#3286=CARTESIAN_POINT('',(63.3396607753833,-9.3733623385056,-2.69538599113129));
#3287=CARTESIAN_POINT('',(63.3396607753833,-9.3733623385056,-2.69538599113129));
#3288=CARTESIAN_POINT('',(58.8396607753833,-9.3733623385056,-2.6953859911313));
#3289=CARTESIAN_POINT('',(58.8396607753833,-9.3733623385056,-2.6953859911313));
#3290=CARTESIAN_POINT('',(58.8396607753833,-9.49917926438807,-2.21147473773715));
#3291=CARTESIAN_POINT('',(63.3396607753833,-9.3733623385056,-2.69538599113129));
#3292=CARTESIAN_POINT('',(63.3396607753833,-9.85727359189973,-2.82120291701377));
#3293=CARTESIAN_POINT('',(58.8396607753833,-9.85727359189973,-2.82120291701377));
#3294=CARTESIAN_POINT('',(58.8396607753833,-9.3733623385056,-2.6953859911313));
#3295=CARTESIAN_POINT('',(63.0276607753833,-11.926482663894,0.96456399965838));
#3296=CARTESIAN_POINT('',(66.6516607753833,-11.951286766706,0.922329986762339));
#3297=CARTESIAN_POINT('',(63.0276607753833,-8.73846622157155,-0.964564619110283));
#3298=CARTESIAN_POINT('',(66.6516607753833,-8.71366211875957,-0.922330606214224));
#3299=CARTESIAN_POINT('',(66.3396607753833,-12.1864342376522,1.85395948519348));
#3300=CARTESIAN_POINT('',(63.3396607753833,-12.1864342376522,-1.8539601046454));
#3301=CARTESIAN_POINT('',(63.0276607753833,-11.3977085996551,1.53729496334313));
#3302=CARTESIAN_POINT('',(66.6516607753833,-10.5140319417198,-1.86146141333137));
#3303=CARTESIAN_POINT('',(66.6516607753833,-10.1509169437458,1.8614607938795));
#3304=CARTESIAN_POINT('',(63.0276607753833,-9.26724028581046,-1.53729558279502));
#3305=CARTESIAN_POINT('',(63.3396607753833,-11.867440938499,0.737480440446715));
#3306=CARTESIAN_POINT('',(63.3396607753833,-11.3138464646161,-1.39172907448749));
#3307=CARTESIAN_POINT('',(66.3396607753833,-11.3138464646161,-1.39172907448748));
#3308=CARTESIAN_POINT('',(66.3396607753833,-11.867440938499,0.737480440446716));
#3309=CARTESIAN_POINT('',(63.3396607753833,-11.7242032074943,0.981371712157352));
#3310=CARTESIAN_POINT('',(66.3396607753833,-11.7242032074943,0.981371712157353));
#3311=CARTESIAN_POINT('',(66.3396607753833,-9.59499369256012,1.53496618604025));
#3312=CARTESIAN_POINT('',(63.3396607753833,-9.59499369256012,1.53496618604025));
#3313=CARTESIAN_POINT('',(63.3396607753833,-9.35110242084948,1.39172845503559));
#3314=CARTESIAN_POINT('',(66.3396607753833,-9.35110242084947,1.39172845503557));
#3315=CARTESIAN_POINT('',(66.3396607753833,-8.79750794696659,-0.737481059898617));
#3316=CARTESIAN_POINT('',(63.3396607753833,-8.79750794696659,-0.737481059898617));
#3317=CARTESIAN_POINT('',(63.3396607753833,-8.94074567797124,-0.981372331609255));
#3318=CARTESIAN_POINT('',(66.3396607753833,-8.94074567797125,-0.981372331609254));
#3319=CARTESIAN_POINT('',(66.3396607753833,-11.0699551929055,-1.53496680549215));
#3320=CARTESIAN_POINT('',(63.3396607753833,-11.0699551929055,-1.53496680549215));
#3321=CARTESIAN_POINT('',(63.3396607753833,-11.867440938499,0.737480440446715));
#3322=CARTESIAN_POINT('',(63.3396607753833,-11.3138464646161,-1.39172907448749));
#3323=CARTESIAN_POINT('',(63.3396607753833,-11.3138464646161,-1.39172907448749));
#3324=CARTESIAN_POINT('',(66.3396607753833,-11.3138464646161,-1.39172907448748));
#3325=CARTESIAN_POINT('',(66.3396607753833,-11.3138464646161,-1.39172907448748));
#3326=CARTESIAN_POINT('',(66.3396607753833,-11.867440938499,0.737480440446716));
#3327=CARTESIAN_POINT('',(66.3396607753833,-11.867440938499,0.737480440446716));
#3328=CARTESIAN_POINT('',(63.3396607753833,-11.867440938499,0.737480440446715));
#3329=CARTESIAN_POINT('',(63.3396607753833,-11.7242032074943,0.981371712157352));
#3330=CARTESIAN_POINT('',(66.3396607753833,-11.7242032074943,0.981371712157353));
#3331=CARTESIAN_POINT('',(66.3396607753833,-11.7242032074943,0.981371712157353));
#3332=CARTESIAN_POINT('',(66.3396607753833,-9.59499369256012,1.53496618604025));
#3333=CARTESIAN_POINT('',(66.3396607753833,-9.59499369256012,1.53496618604025));
#3334=CARTESIAN_POINT('',(63.3396607753833,-9.59499369256012,1.53496618604025));
#3335=CARTESIAN_POINT('',(63.3396607753833,-9.59499369256012,1.53496618604025));
#3336=CARTESIAN_POINT('',(63.3396607753833,-11.7242032074943,0.981371712157352));
#3337=CARTESIAN_POINT('',(63.3396607753833,-9.35110242084948,1.39172845503559));
#3338=CARTESIAN_POINT('',(66.3396607753833,-9.35110242084947,1.39172845503557));
#3339=CARTESIAN_POINT('',(66.3396607753833,-9.35110242084947,1.39172845503557));
#3340=CARTESIAN_POINT('',(66.3396607753833,-8.79750794696659,-0.737481059898617));
#3341=CARTESIAN_POINT('',(66.3396607753833,-8.79750794696659,-0.737481059898617));
#3342=CARTESIAN_POINT('',(63.3396607753833,-8.79750794696659,-0.737481059898617));
#3343=CARTESIAN_POINT('',(63.3396607753833,-8.79750794696659,-0.737481059898617));
#3344=CARTESIAN_POINT('',(63.3396607753833,-9.35110242084948,1.39172845503559));
#3345=CARTESIAN_POINT('',(63.3396607753833,-8.94074567797124,-0.981372331609255));
#3346=CARTESIAN_POINT('',(66.3396607753833,-8.94074567797125,-0.981372331609254));
#3347=CARTESIAN_POINT('',(66.3396607753833,-8.94074567797125,-0.981372331609254));
#3348=CARTESIAN_POINT('',(66.3396607753833,-11.0699551929055,-1.53496680549215));
#3349=CARTESIAN_POINT('',(66.3396607753833,-11.0699551929055,-1.53496680549215));
#3350=CARTESIAN_POINT('',(63.3396607753833,-11.0699551929055,-1.53496680549215));
#3351=CARTESIAN_POINT('',(63.3396607753833,-11.0699551929055,-1.53496680549215));
#3352=CARTESIAN_POINT('',(63.3396607753833,-8.94074567797124,-0.981372331609255));
#3353=CARTESIAN_POINT('',(66.3396607753833,-11.7242032074943,0.981371712157353));
#3354=CARTESIAN_POINT('',(66.3396607753833,-11.867440938499,0.737480440446716));
#3355=CARTESIAN_POINT('',(63.3396607753833,-11.867440938499,0.737480440446715));
#3356=CARTESIAN_POINT('',(63.3396607753833,-11.7242032074943,0.981371712157352));
#3357=CARTESIAN_POINT('',(63.3396607753833,-11.0699551929055,-1.53496680549215));
#3358=CARTESIAN_POINT('',(63.3396607753833,-11.3138464646161,-1.39172907448749));
#3359=CARTESIAN_POINT('',(66.3396607753833,-11.3138464646161,-1.39172907448748));
#3360=CARTESIAN_POINT('',(66.3396607753833,-11.0699551929055,-1.53496680549215));
#3361=CARTESIAN_POINT('',(66.3396607753833,-9.35110242084947,1.39172845503557));
#3362=CARTESIAN_POINT('',(66.3396607753833,-9.59499369256012,1.53496618604025));
#3363=CARTESIAN_POINT('',(63.3396607753833,-9.59499369256012,1.53496618604025));
#3364=CARTESIAN_POINT('',(63.3396607753833,-9.35110242084948,1.39172845503559));
#3365=CARTESIAN_POINT('',(66.3396607753833,-8.94074567797125,-0.981372331609254));
#3366=CARTESIAN_POINT('',(66.3396607753833,-8.79750794696659,-0.737481059898617));
#3367=CARTESIAN_POINT('',(63.3396607753833,-8.79750794696659,-0.737481059898617));
#3368=CARTESIAN_POINT('',(63.3396607753833,-8.94074567797124,-0.981372331609255));
#3369=CARTESIAN_POINT('',(58.3776607753833,-10.804582814025,0.822294091160498));
#3370=CARTESIAN_POINT('',(63.8016607753833,-11.2805857695017,0.0118025723759133));
#3371=CARTESIAN_POINT('',(58.3776607753833,-9.86036607144055,-0.822294710612418));
#3372=CARTESIAN_POINT('',(63.8016607753833,-9.38436311596387,-0.0118031918278171));
#3373=CARTESIAN_POINT('',(63.3396607753833,-11.3103113502987,0.977836597840007));
#3374=CARTESIAN_POINT('',(58.8396607753833,-11.3103113502987,-0.977837217291928));
#3375=CARTESIAN_POINT('',(63.3396607753833,-10.5115216064886,-0.304864399364266));
#3376=CARTESIAN_POINT('',(63.3396607753833,-10.6373385323711,0.179046854029874));
#3377=CARTESIAN_POINT('',(58.8396607753833,-10.6373385323711,0.179046854029873));
#3378=CARTESIAN_POINT('',(58.8396607753833,-10.5115216064886,-0.304864399364267));
#3379=CARTESIAN_POINT('',(63.3396607753833,-10.153427278977,0.304863779912349));
#3380=CARTESIAN_POINT('',(58.8396607753833,-10.153427278977,0.304863779912347));
#3381=CARTESIAN_POINT('',(63.3396607753833,-10.0276103530945,-0.179047473481778));
#3382=CARTESIAN_POINT('',(58.8396607753833,-10.0276103530945,-0.179047473481779));
#3383=CARTESIAN_POINT('',(63.3396607753833,-10.5115216064886,-0.304864399364266));
#3384=CARTESIAN_POINT('',(63.3396607753833,-10.6373385323711,0.179046854029874));
#3385=CARTESIAN_POINT('',(63.3396607753833,-10.6373385323711,0.179046854029874));
#3386=CARTESIAN_POINT('',(58.8396607753833,-10.6373385323711,0.179046854029873));
#3387=CARTESIAN_POINT('',(58.8396607753833,-10.6373385323711,0.179046854029873));
#3388=CARTESIAN_POINT('',(58.8396607753833,-10.5115216064886,-0.304864399364267));
#3389=CARTESIAN_POINT('',(58.8396607753833,-10.5115216064886,-0.304864399364267));
#3390=CARTESIAN_POINT('',(63.3396607753833,-10.5115216064886,-0.304864399364266));
#3391=CARTESIAN_POINT('',(63.3396607753833,-10.6373385323711,0.179046854029874));
#3392=CARTESIAN_POINT('',(63.3396607753833,-10.153427278977,0.304863779912349));
#3393=CARTESIAN_POINT('',(63.3396607753833,-10.153427278977,0.304863779912349));
#3394=CARTESIAN_POINT('',(58.8396607753833,-10.153427278977,0.304863779912347));
#3395=CARTESIAN_POINT('',(58.8396607753833,-10.153427278977,0.304863779912347));
#3396=CARTESIAN_POINT('',(58.8396607753833,-10.6373385323711,0.179046854029873));
#3397=CARTESIAN_POINT('',(63.3396607753833,-10.153427278977,0.304863779912349));
#3398=CARTESIAN_POINT('',(63.3396607753833,-10.0276103530945,-0.179047473481778));
#3399=CARTESIAN_POINT('',(63.3396607753833,-10.0276103530945,-0.179047473481778));
#3400=CARTESIAN_POINT('',(58.8396607753833,-10.0276103530945,-0.179047473481779));
#3401=CARTESIAN_POINT('',(58.8396607753833,-10.0276103530945,-0.179047473481779));
#3402=CARTESIAN_POINT('',(58.8396607753833,-10.153427278977,0.304863779912347));
#3403=CARTESIAN_POINT('',(63.3396607753833,-10.0276103530945,-0.179047473481778));
#3404=CARTESIAN_POINT('',(63.3396607753833,-10.5115216064886,-0.304864399364266));
#3405=CARTESIAN_POINT('',(58.8396607753833,-10.5115216064886,-0.304864399364267));
#3406=CARTESIAN_POINT('',(58.8396607753833,-10.0276103530945,-0.179047473481779));
#3407=CARTESIAN_POINT('',(68.5396607753833,-1.36026118172142E-6,-3.09725953306804E-7));
#3408=CARTESIAN_POINT('',(68.3396607753833,-12.0120013602612,-12.0120003097259));
#3409=CARTESIAN_POINT('',(73.1896607753833,-1.36026118392186E-6,-3.0972594933925E-7));
#3410=CARTESIAN_POINT('',(68.7396607753833,-2.41200136026118,2.41199969027405));
#3411=CARTESIAN_POINT('',(77.7396607753833,-16.6920013602612,16.6919996902741));
#3412=CARTESIAN_POINT('',(74.7396607753833,-6.00000136026119,-3.09725949142754E-7));
#3413=CARTESIAN_POINT('',(71.7396607753833,-7.21200136026118,1.21199969027405));
#3414=CARTESIAN_POINT('',(74.7396607753833,2.99999863973882,5.19615211298068));
#3415=CARTESIAN_POINT('',(71.7396607753833,1.34876815519749,6.84738259752201));
#3416=CARTESIAN_POINT('',(74.7396607753833,2.99999863973881,-5.1961527324326));
#3417=CARTESIAN_POINT('',(71.7396607753833,1.3487681551975,-3.54492224789126));
#3418=CARTESIAN_POINT('',(73.2396607753833,-1.36026118367615E-6,-3.09725951926238E-7));
#3419=CARTESIAN_POINT('',(68.7396607753833,-16.8120013602612,-16.8120003097259));
#3420=CARTESIAN_POINT('',(77.6396607753833,-1.36026120458403E-6,13.9999996902741));
#3421=CARTESIAN_POINT('',(77.7396607753833,-1.36026120557864E-6,13.9999996902741));
#3422=CARTESIAN_POINT('',(77.7396607753833,-1.36026118007796E-6,13.8999996902741));
#3423=CARTESIAN_POINT('',(77.6396607753833,-14.0000013602612,13.9999996902741));
#3424=CARTESIAN_POINT('',(77.7396607753833,-14.0000013602613,13.9999996902741));
#3425=CARTESIAN_POINT('',(77.7396607753833,-13.9000013602612,13.8999996902741));
#3426=CARTESIAN_POINT('',(77.6396607753833,-14.0000013602612,-3.0972597324796E-7));
#3427=CARTESIAN_POINT('',(77.7396607753833,-14.0000013602612,-3.09725973907018E-7));
#3428=CARTESIAN_POINT('',(77.7396607753833,-13.9000013602612,-3.09725944592037E-7));
#3429=CARTESIAN_POINT('',(77.6396607753833,-14.0000013602612,-14.000000309726));
#3430=CARTESIAN_POINT('',(77.7396607753833,-14.0000013602612,-14.000000309726));
#3431=CARTESIAN_POINT('',(77.7396607753833,-13.9000013602612,-13.900000309726));
#3432=CARTESIAN_POINT('',(77.6396607753833,-1.36026116497554E-6,-14.000000309726));
#3433=CARTESIAN_POINT('',(77.7396607753833,-1.36026116417948E-6,-14.000000309726));
#3434=CARTESIAN_POINT('',(77.7396607753833,-1.36026118797416E-6,-13.900000309726));
#3435=CARTESIAN_POINT('',(68.5396607753833,-1.36026118192769E-6,-3.09725953243683E-7));
#3436=CARTESIAN_POINT('',(73.1896607753833,-1.36026118430514E-6,-3.09725951288E-7));
#3437=CARTESIAN_POINT('',(74.7396607753833,-6.00000136026119,-3.09725949554361E-7));
#3438=CARTESIAN_POINT('',(74.7396607753833,2.99999863973882,5.19615211298068));
#3439=CARTESIAN_POINT('',(74.7396607753833,2.99999863973881,-5.1961527324326));
#3440=CARTESIAN_POINT('',(73.2396607753833,-1.36026118376023E-6,-3.09725952113455E-7));
#3441=CARTESIAN_POINT('',(77.6396607753833,-1.36026116222341E-6,-14.000000309726));
#3442=CARTESIAN_POINT('',(77.7396607753833,-1.36026116308042E-6,-14.000000309726));
#3443=CARTESIAN_POINT('',(77.7396607753833,-1.36026118797416E-6,-13.900000309726));
#3444=CARTESIAN_POINT('',(77.6396607753833,13.9999986397388,-14.000000309726));
#3445=CARTESIAN_POINT('',(77.7396607753833,13.9999986397389,-14.000000309726));
#3446=CARTESIAN_POINT('',(77.7396607753833,13.8999986397388,-13.900000309726));
#3447=CARTESIAN_POINT('',(77.6396607753833,13.9999986397388,-3.09725925014004E-7));
#3448=CARTESIAN_POINT('',(77.7396607753833,13.9999986397388,-3.09725930808979E-7));
#3449=CARTESIAN_POINT('',(77.7396607753833,13.8999986397388,-3.09725953670773E-7));
#3450=CARTESIAN_POINT('',(77.6396607753833,13.9999986397388,13.9999996902741));
#3451=CARTESIAN_POINT('',(77.7396607753833,13.9999986397388,13.9999996902741));
#3452=CARTESIAN_POINT('',(77.7396607753833,13.8999986397388,13.8999996902741));
#3453=CARTESIAN_POINT('',(77.6396607753833,-1.36026120302972E-6,13.9999996902741));
#3454=CARTESIAN_POINT('',(77.7396607753833,-1.36026120432257E-6,13.9999996902741));
#3455=CARTESIAN_POINT('',(77.7396607753833,-1.36026118007796E-6,13.8999996902741));
#3456=CARTESIAN_POINT('',(68.7396607753833,-1.36026118278043E-6,-10.000000309726));
#3457=CARTESIAN_POINT('',(68.3396607753833,-1.36026118278043E-6,-10.000000309726));
#3458=CARTESIAN_POINT('',(68.3396607753833,-1.36026117974399E-6,9.99999969027405));
#3459=CARTESIAN_POINT('',(68.7396607753833,-1.36026117974399E-6,9.99999969027405));
#3460=CARTESIAN_POINT('',(68.7396607753833,-1.36026118746927E-6,-14.000000309726));
#3461=CARTESIAN_POINT('',(77.6396607753833,-1.36026117296915E-6,-14.000000309726));
#3462=CARTESIAN_POINT('',(77.6396607753833,-1.36026119710174E-6,13.9999996902741));
#3463=CARTESIAN_POINT('',(68.7396607753833,-1.36026118013876E-6,13.9999996902741));
#3464=CARTESIAN_POINT('',(68.7396607753833,-1.3602611832469E-6,1.99999969027405));
#3465=CARTESIAN_POINT('',(68.7396607753833,-1.36026118442759E-6,-2.00000030972595));
#3466=CARTESIAN_POINT('',(77.7396607753833,-1.36026118007796E-6,13.8999996902741));
#3467=CARTESIAN_POINT('',(77.7396607753833,-1.36026118797416E-6,-13.900000309726));
#3468=CARTESIAN_POINT('',(77.7396607753833,-6.00000136026119,0.999999690274052));
#3469=CARTESIAN_POINT('',(77.7396607753833,-6.00000136026119,-1.00000030972595));
#3470=CARTESIAN_POINT('',(77.7396607753833,3.86602404352326,4.69615211298068));
#3471=CARTESIAN_POINT('',(77.7396607753833,2.13397323595438,5.69615211298068));
#3472=CARTESIAN_POINT('',(77.7396607753833,2.13397323595438,-5.69615273243258));
#3473=CARTESIAN_POINT('',(77.7396607753833,3.86602404352326,-4.69615273243258));
#3474=CARTESIAN_POINT('',(77.7396607753833,-1.36026118317382E-6,1.99999969027405));
#3475=CARTESIAN_POINT('',(77.7396607753833,-1.36026118439321E-6,-2.00000030972595));
#3476=CARTESIAN_POINT('',(71.7396607753833,-6.00000136026119,0.99999969027405));
#3477=CARTESIAN_POINT('',(71.7396607753833,-6.00000136026119,-1.00000030972595));
#3478=CARTESIAN_POINT('',(71.7396607753833,3.86602404352326,4.69615211298068));
#3479=CARTESIAN_POINT('',(71.7396607753833,2.13397323595438,5.69615211298068));
#3480=CARTESIAN_POINT('',(71.7396607753833,2.13397323595439,-5.69615273243259));
#3481=CARTESIAN_POINT('',(71.7396607753833,3.86602404352326,-4.69615273243259));
#3482=CARTESIAN_POINT('',(68.7396607753833,-1.36026118278043E-6,-10.000000309726));
#3483=CARTESIAN_POINT('',(68.3396607753833,-1.36026118278043E-6,-10.000000309726));
#3484=CARTESIAN_POINT('',(68.3396607753833,-1.36026118195463E-6,-3.09725953329121E-7));
#3485=CARTESIAN_POINT('',(68.3396607753833,-1.36026118251011E-6,-10.000000309726));
#3486=CARTESIAN_POINT('',(68.3396607753833,-1.36026118017449E-6,9.99999969027405));
#3487=CARTESIAN_POINT('',(68.3396607753833,-1.36026117974399E-6,9.99999969027405));
#3488=CARTESIAN_POINT('',(68.7396607753833,-1.36026117974399E-6,9.99999969027405));
#3489=CARTESIAN_POINT('',(68.7396607753833,-1.36026118195463E-6,-3.09725953329121E-7));
#3490=CARTESIAN_POINT('',(68.7396607753833,-1.36026118163199E-6,9.99999969027405));
#3491=CARTESIAN_POINT('',(68.7396607753833,-1.36026118105262E-6,-10.000000309726));
#3492=CARTESIAN_POINT('',(68.7396607753833,-1.36026118746927E-6,-14.000000309726));
#3493=CARTESIAN_POINT('',(77.6396607753833,-1.36026117296915E-6,-14.000000309726));
#3494=CARTESIAN_POINT('',(77.6396607753833,-1.36026118344621E-6,-3.0972594968866E-7));
#3495=CARTESIAN_POINT('',(77.6396607753833,-1.36026117216306E-6,-14.0000003097259));
#3496=CARTESIAN_POINT('',(77.6396607753833,-1.36026119644387E-6,13.9999996902741));
#3497=CARTESIAN_POINT('',(77.6396607753833,-1.36026119710174E-6,13.9999996902741));
#3498=CARTESIAN_POINT('',(68.7396607753833,-1.36026118013876E-6,13.9999996902741));
#3499=CARTESIAN_POINT('',(68.7396607753833,-1.36026118399575E-6,-3.09725953122856E-7));
#3500=CARTESIAN_POINT('',(68.7396607753833,-1.36026117940576E-6,13.999999690274));
#3501=CARTESIAN_POINT('',(68.7396607753833,-1.36026119030024E-6,-14.000000309726));
#3502=CARTESIAN_POINT('',(77.7396607753833,-6.00000136026119,-3.09725948888228E-7));
#3503=CARTESIAN_POINT('',(77.7396607753833,-6.00000136026119,0.999999690274049));
#3504=CARTESIAN_POINT('',(77.7396607753833,-6.00000136026119,-1.00000030972595));
#3505=CARTESIAN_POINT('',(71.7396607753833,-6.00000136026119,0.99999969027405));
#3506=CARTESIAN_POINT('',(77.7396607753833,-6.00000136026119,0.999999690274052));
#3507=CARTESIAN_POINT('',(71.7396607753833,-6.00000136026119,-3.09725951552763E-7));
#3508=CARTESIAN_POINT('',(71.7396607753833,-6.00000136026119,-1.00000030972595));
#3509=CARTESIAN_POINT('',(71.7396607753833,-6.00000136026119,0.999999690274046));
#3510=CARTESIAN_POINT('',(77.7396607753833,-6.00000136026119,-1.00000030972595));
#3511=CARTESIAN_POINT('',(71.7396607753833,-6.00000136026119,-1.00000030972595));
#3512=CARTESIAN_POINT('',(77.7396607753833,2.99999863973882,5.19615211298068));
#3513=CARTESIAN_POINT('',(77.7396607753833,3.86602404352326,4.69615211298068));
#3514=CARTESIAN_POINT('',(77.7396607753833,2.13397323595438,5.69615211298068));
#3515=CARTESIAN_POINT('',(71.7396607753833,3.86602404352326,4.69615211298068));
#3516=CARTESIAN_POINT('',(77.7396607753833,3.86602404352326,4.69615211298068));
#3517=CARTESIAN_POINT('',(71.7396607753833,2.99999863973882,5.19615211298068));
#3518=CARTESIAN_POINT('',(71.7396607753833,2.13397323595438,5.69615211298068));
#3519=CARTESIAN_POINT('',(71.7396607753833,3.86602404352326,4.69615211298068));
#3520=CARTESIAN_POINT('',(77.7396607753833,2.13397323595438,5.69615211298068));
#3521=CARTESIAN_POINT('',(71.7396607753833,2.13397323595438,5.69615211298068));
#3522=CARTESIAN_POINT('',(77.7396607753833,2.99999863973882,-5.19615273243258));
#3523=CARTESIAN_POINT('',(77.7396607753833,2.13397323595438,-5.69615273243258));
#3524=CARTESIAN_POINT('',(77.7396607753833,3.86602404352326,-4.69615273243258));
#3525=CARTESIAN_POINT('',(71.7396607753833,2.13397323595439,-5.69615273243259));
#3526=CARTESIAN_POINT('',(77.7396607753833,2.13397323595438,-5.69615273243258));
#3527=CARTESIAN_POINT('',(71.7396607753833,2.99999863973882,-5.19615273243259));
#3528=CARTESIAN_POINT('',(71.7396607753833,3.86602404352326,-4.69615273243259));
#3529=CARTESIAN_POINT('',(71.7396607753833,2.13397323595438,-5.69615273243259));
#3530=CARTESIAN_POINT('',(77.7396607753833,3.86602404352326,-4.69615273243258));
#3531=CARTESIAN_POINT('',(71.7396607753833,3.86602404352326,-4.69615273243259));
#3532=CARTESIAN_POINT('',(77.7396607753833,-1.36026118380622E-6,-3.0972594987396E-7));
#3533=CARTESIAN_POINT('',(77.7396607753833,-1.36026118321288E-6,1.99999969027405));
#3534=CARTESIAN_POINT('',(77.7396607753833,-1.36026118415463E-6,-2.00000030972595));
#3535=CARTESIAN_POINT('',(68.7396607753833,-1.3602611832469E-6,1.99999969027405));
#3536=CARTESIAN_POINT('',(77.7396607753833,-1.36026118317382E-6,1.99999969027405));
#3537=CARTESIAN_POINT('',(68.7396607753833,-1.36026118399575E-6,-3.09725952950067E-7));
#3538=CARTESIAN_POINT('',(68.7396607753833,-1.36026118448193E-6,-2.00000030972595));
#3539=CARTESIAN_POINT('',(68.7396607753833,-1.36026118326464E-6,1.99999969027405));
#3540=CARTESIAN_POINT('',(77.7396607753833,-1.36026118439321E-6,-2.00000030972595));
#3541=CARTESIAN_POINT('',(68.7396607753833,-1.36026118442759E-6,-2.00000030972595));
#3542=CARTESIAN_POINT('',(77.6396607753833,-1.36026119847748E-6,-13.900000309726));
#3543=CARTESIAN_POINT('',(77.6396607753833,-1.36026117289435E-6,-14.000000309726));
#3544=CARTESIAN_POINT('',(77.7396607753833,-1.36026118792686E-6,-13.900000309726));
#3545=CARTESIAN_POINT('',(77.7396607753833,-1.36026118392017E-6,-3.09725949922337E-7));
#3546=CARTESIAN_POINT('',(77.7396607753833,-1.36026117943748E-6,13.8999996902741));
#3547=CARTESIAN_POINT('',(77.7396607753833,-1.36026119010511E-6,-13.900000309726));
#3548=CARTESIAN_POINT('',(77.6396607753833,-1.36026117410313E-6,13.8999996902741));
#3549=CARTESIAN_POINT('',(77.7396607753833,-1.3602611794789E-6,13.8999996902741));
#3550=CARTESIAN_POINT('',(77.6396607753833,-1.36026119224631E-6,13.999999690274));
#3551=CARTESIAN_POINT('',(68.7396607753833,-1.36026118211164E-6,-3.09725952808837E-7));
#3552=CARTESIAN_POINT('',(68.7396607753833,-1.36026117889844E-6,9.99999969027405));
#3553=CARTESIAN_POINT('',(68.7396607753833,-1.36026118654948E-6,-10.000000309726));
#3554=CARTESIAN_POINT('',(68.3396607753833,-1.36026118211164E-6,-3.09725952808837E-7));
#3555=CARTESIAN_POINT('',(68.3396607753833,-1.36026118524365E-6,-10.000000309726));
#3556=CARTESIAN_POINT('',(68.3396607753833,-1.36026118020426E-6,9.99999969027405));
#3557=CARTESIAN_POINT('',(68.7396607753833,-1.36026118376023E-6,-3.09725953245994E-7));
#3558=CARTESIAN_POINT('',(68.7396607753833,-1.36026117940576E-6,13.999999690274));
#3559=CARTESIAN_POINT('',(68.7396607753833,-1.3602611864002E-6,-14.000000309726));
#3560=CARTESIAN_POINT('',(77.6396607753833,-1.36026118391724E-6,-3.09725950070421E-7));
#3561=CARTESIAN_POINT('',(77.6396607753833,-1.36026119595442E-6,13.9999996902741));
#3562=CARTESIAN_POINT('',(77.6396607753833,-1.36026117638281E-6,-14.0000003097259));
#3563=CARTESIAN_POINT('',(71.7396607753833,-6.00000136026118,-3.09725949776407E-7));
#3564=CARTESIAN_POINT('',(71.7396607753833,-6.00000136026119,0.999999690274048));
#3565=CARTESIAN_POINT('',(71.7396607753833,-6.00000136026119,-1.00000030972595));
#3566=CARTESIAN_POINT('',(77.7396607753833,-6.00000136026119,-3.09725948666184E-7));
#3567=CARTESIAN_POINT('',(77.7396607753833,-6.00000136026119,-1.00000030972595));
#3568=CARTESIAN_POINT('',(77.7396607753833,-6.00000136026119,0.999999690274048));
#3569=CARTESIAN_POINT('',(71.7396607753833,2.99999863973882,5.19615211298068));
#3570=CARTESIAN_POINT('',(71.7396607753833,3.86602404352326,4.69615211298068));
#3571=CARTESIAN_POINT('',(71.7396607753833,2.13397323595438,5.69615211298068));
#3572=CARTESIAN_POINT('',(77.7396607753833,2.99999863973882,5.19615211298069));
#3573=CARTESIAN_POINT('',(77.7396607753833,2.13397323595438,5.69615211298068));
#3574=CARTESIAN_POINT('',(77.7396607753833,3.86602404352326,4.69615211298068));
#3575=CARTESIAN_POINT('',(71.7396607753833,2.99999863973882,-5.19615273243259));
#3576=CARTESIAN_POINT('',(71.7396607753833,2.13397323595439,-5.69615273243259));
#3577=CARTESIAN_POINT('',(71.7396607753833,3.86602404352326,-4.69615273243259));
#3578=CARTESIAN_POINT('',(77.7396607753833,2.99999863973882,-5.19615273243258));
#3579=CARTESIAN_POINT('',(77.7396607753833,3.86602404352326,-4.69615273243258));
#3580=CARTESIAN_POINT('',(77.7396607753833,2.13397323595438,-5.69615273243258));
#3581=CARTESIAN_POINT('',(68.7396607753833,-1.36026118368173E-6,-3.09725952911969E-7));
#3582=CARTESIAN_POINT('',(68.7396607753833,-1.3602611830186E-6,1.99999969027405));
#3583=CARTESIAN_POINT('',(68.7396607753833,-1.36026118458979E-6,-2.00000030972595));
#3584=CARTESIAN_POINT('',(77.7396607753833,-1.36026118381574E-6,-3.09725950002396E-7));
#3585=CARTESIAN_POINT('',(77.7396607753833,-1.36026118448193E-6,-2.00000030972595));
#3586=CARTESIAN_POINT('',(77.7396607753833,-1.36026118339449E-6,1.99999969027405));
#3587=CARTESIAN_POINT('',(77.7396607753833,-1.36026118383974E-6,-3.09725949712906E-7));
#3588=CARTESIAN_POINT('',(77.7396607753833,-1.36026118825733E-6,-13.900000309726));
#3589=CARTESIAN_POINT('',(77.7396607753833,-1.36026117771989E-6,13.8999996902741));
#3590=CARTESIAN_POINT('',(64.1396607753833,-1.36026118548399E-6,-3.09725954195326E-7));
#3591=CARTESIAN_POINT('',(64.1396607753833,-1.36026118565052E-6,-3.09725954502091E-7));
#3592=CARTESIAN_POINT('',(63.9396607753833,-2.53200136026119,-2.53200030972595));
#3593=CARTESIAN_POINT('',(64.3396607753833,-2.53200136026119,2.53199969027405));
#3594=CARTESIAN_POINT('',(64.1396607753833,-1.36026118535834E-6,-3.09725954623905E-7));
#3595=CARTESIAN_POINT('',(64.1396607753833,-1.36026118562247E-6,-3.09725954636816E-7));
#3596=CARTESIAN_POINT('',(63.9396607753833,-1.36026118631401E-6,-2.10000030972595));
#3597=CARTESIAN_POINT('',(64.3396607753833,-1.36026118631401E-6,-2.10000030972595));
#3598=CARTESIAN_POINT('',(64.3396607753833,-1.36026118491982E-6,2.09999969027404));
#3599=CARTESIAN_POINT('',(63.9396607753833,-1.36026118491982E-6,2.09999969027404));
#3600=CARTESIAN_POINT('',(64.3396607753833,-1.36026118607485E-6,-1.60000030972595));
#3601=CARTESIAN_POINT('',(63.9396607753833,-1.36026118607485E-6,-1.60000030972595));
#3602=CARTESIAN_POINT('',(64.3396607753833,-1.36026118506731E-6,1.59999969027404));
#3603=CARTESIAN_POINT('',(63.9396607753833,-1.36026118506731E-6,1.59999969027404));
#3604=CARTESIAN_POINT('',(63.9396607753833,-1.36026118631401E-6,-2.10000030972595));
#3605=CARTESIAN_POINT('',(64.3396607753833,-1.36026118631401E-6,-2.10000030972595));
#3606=CARTESIAN_POINT('',(64.3396607753833,-1.3602611855018E-6,-3.0972595414272E-7));
#3607=CARTESIAN_POINT('',(64.3396607753833,-1.36026118571597E-6,-2.10000030972595));
#3608=CARTESIAN_POINT('',(64.3396607753833,-1.36026118554482E-6,2.09999969027405));
#3609=CARTESIAN_POINT('',(64.3396607753833,-1.36026118491982E-6,2.09999969027404));
#3610=CARTESIAN_POINT('',(63.9396607753833,-1.36026118491982E-6,2.09999969027404));
#3611=CARTESIAN_POINT('',(63.9396607753833,-1.3602611855018E-6,-3.0972595414272E-7));
#3612=CARTESIAN_POINT('',(63.9396607753833,-1.36026118553156E-6,2.09999969027405));
#3613=CARTESIAN_POINT('',(63.9396607753833,-1.36026118572923E-6,-2.10000030972595));
#3614=CARTESIAN_POINT('',(64.3396607753833,-1.36026118607485E-6,-1.60000030972595));
#3615=CARTESIAN_POINT('',(63.9396607753833,-1.36026118607485E-6,-1.60000030972595));
#3616=CARTESIAN_POINT('',(64.3396607753833,-1.36026118568875E-6,-3.09725954455045E-7));
#3617=CARTESIAN_POINT('',(64.3396607753833,-1.36026118555351E-6,1.59999969027405));
#3618=CARTESIAN_POINT('',(64.3396607753833,-1.36026118562805E-6,-1.60000030972595));
#3619=CARTESIAN_POINT('',(63.9396607753833,-1.36026118506731E-6,1.59999969027404));
#3620=CARTESIAN_POINT('',(64.3396607753833,-1.36026118506731E-6,1.59999969027404));
#3621=CARTESIAN_POINT('',(63.9396607753833,-1.36026118568875E-6,-3.09725954455045E-7));
#3622=CARTESIAN_POINT('',(63.9396607753833,-1.36026118569401E-6,-1.60000030972595));
#3623=CARTESIAN_POINT('',(63.9396607753833,-1.36026118548755E-6,1.59999969027405));
#3624=CARTESIAN_POINT('',(63.9396607753833,-1.36026118547287E-6,-3.09725954356914E-7));
#3625=CARTESIAN_POINT('',(63.9396607753833,-1.36026118553156E-6,2.09999969027405));
#3626=CARTESIAN_POINT('',(63.9396607753833,-1.36026118515699E-6,-2.10000030972595));
#3627=CARTESIAN_POINT('',(64.3396607753833,-1.36026118546894E-6,-3.09725954295804E-7));
#3628=CARTESIAN_POINT('',(64.3396607753833,-1.36026118571597E-6,-2.10000030972595));
#3629=CARTESIAN_POINT('',(64.3396607753833,-1.36026118496474E-6,2.09999969027405));
#3630=CARTESIAN_POINT('',(63.9396607753833,-1.36026118574124E-6,-3.09725954453929E-7));
#3631=CARTESIAN_POINT('',(63.9396607753833,-1.3602611854048E-6,1.59999969027405));
#3632=CARTESIAN_POINT('',(63.9396607753833,-1.36026118627363E-6,-1.60000030972595));
#3633=CARTESIAN_POINT('',(64.3396607753833,-1.36026118569414E-6,-3.09725954547018E-7));
#3634=CARTESIAN_POINT('',(64.3396607753833,-1.36026118584272E-6,-1.60000030972595));
#3635=CARTESIAN_POINT('',(64.3396607753833,-1.3602611857415E-6,1.59999969027405));
#3636=CARTESIAN_POINT('',(66.4396607753833,-1.36026118392186E-6,-3.09725953255237E-7));
#3637=CARTESIAN_POINT('',(68.3396607753833,-21.2780381418719,18.7805369904605));
#3638=CARTESIAN_POINT('',(64.5396607753833,-16.8120013602612,-16.812000309726));
#3639=CARTESIAN_POINT('',(64.4396607753833,-1.3602611841349E-6,-3.09725953137329E-7));
#3640=CARTESIAN_POINT('',(64.3396607753833,-21.198038141872,-18.7805376103924));
#3641=CARTESIAN_POINT('',(70.1516231097242,10.9081378013596,-1.45000031513807));
#3642=CARTESIAN_POINT('',(70.1516231097242,11.6489391108022,-1.45000031516424));
#3643=CARTESIAN_POINT('',(70.1516231097242,12.0992275100819,-2.03824085911386));
#3644=CARTESIAN_POINT('',(70.1516231097242,12.5495159093615,-2.62648140306348));
#3645=CARTESIAN_POINT('',(70.1516231097242,12.3561208745857,-3.3415932408875));
#3646=CARTESIAN_POINT('',(70.1516231097242,9.03001535823713,-15.6404480603214));
#3647=CARTESIAN_POINT('',(70.1516231097242,-3.28415811084984,-12.3715125227754));
#3648=CARTESIAN_POINT('',(70.1516231097242,-4.00016064601549,-12.1814416175554));
#3649=CARTESIAN_POINT('',(70.1516231097242,-4.28444770160439,-11.4973601535474));
#3650=CARTESIAN_POINT('',(70.1516231097242,-4.56873475719328,-10.8132786895393));
#3651=CARTESIAN_POINT('',(70.1516231097242,-4.19833410381591,-10.1717259361727));
#3652=CARTESIAN_POINT('',(58.9276984410425,10.9081378013596,-1.45000031513808));
#3653=CARTESIAN_POINT('',(58.9276984410425,11.6489391108022,-1.45000031516425));
#3654=CARTESIAN_POINT('',(58.9276984410425,12.0992275100819,-2.03824085911387));
#3655=CARTESIAN_POINT('',(58.9276984410425,12.5495159093615,-2.62648140306349));
#3656=CARTESIAN_POINT('',(58.9276984410425,12.3561208745857,-3.3415932408875));
#3657=CARTESIAN_POINT('',(58.9276984410425,9.03001535823713,-15.6404480603214));
#3658=CARTESIAN_POINT('',(58.9276984410425,-3.28415811084984,-12.3715125227754));
#3659=CARTESIAN_POINT('',(58.9276984410425,-4.00016064601549,-12.1814416175555));
#3660=CARTESIAN_POINT('',(58.9276984410425,-4.28444770160439,-11.4973601535474));
#3661=CARTESIAN_POINT('',(58.9276984410425,-4.56873475719328,-10.8132786895394));
#3662=CARTESIAN_POINT('',(58.9276984410425,-4.19833410381591,-10.1717259361727));
#3663=CARTESIAN_POINT('',(66.5516607753833,11.2727105645156,-1.45000031530652));
#3664=CARTESIAN_POINT('',(64.1276607753833,-4.3828166372343,-10.4912590588338));
#3665=CARTESIAN_POINT('',(65.3396607753833,-1.13643218865447,-7.8683562353484));
#3666=CARTESIAN_POINT('',(65.3396607753833,-1.36026118332031E-6,-3.09725953675696E-7));
#3667=CARTESIAN_POINT('',(65.3396607753833,7.38241016834378,-2.95000031350917));
#3668=CARTESIAN_POINT('',(64.1276607753833,-4.76246142993679,-5.34882311219663));
#3669=CARTESIAN_POINT('',(70.1516231097242,-6.70980778124603,-8.72172592899937));
#3670=CARTESIAN_POINT('',(70.1516231097242,-7.08020843599003,-9.3632786821204));
#3671=CARTESIAN_POINT('',(70.1516231097242,-7.8147838902262,-9.4591196029512));
#3672=CARTESIAN_POINT('',(70.1516231097242,-8.54935934446237,-9.55496052378198));
#3673=CARTESIAN_POINT('',(70.1516231097242,-9.07196684517706,-9.02991959178838));
#3674=CARTESIAN_POINT('',(70.1516231097242,-18.0600347980892,-3.09245976633909E-7));
#3675=CARTESIAN_POINT('',(70.1516231097242,-9.0719668446971,9.02991897281868));
#3676=CARTESIAN_POINT('',(70.1516231097242,-8.54935934467349,9.55495990483622));
#3677=CARTESIAN_POINT('',(70.1516231097242,-7.81478389079005,9.45911898493927));
#3678=CARTESIAN_POINT('',(70.1516231097242,-7.0802084369066,9.36327806504232));
#3679=CARTESIAN_POINT('',(70.1516231097242,-6.70980778131187,8.72172531295582));
#3680=CARTESIAN_POINT('',(58.9276984410425,-6.70980778124603,-8.72172592899937));
#3681=CARTESIAN_POINT('',(58.9276984410425,-7.08020843599003,-9.36327868212041));
#3682=CARTESIAN_POINT('',(58.9276984410425,-7.8147838902262,-9.4591196029512));
#3683=CARTESIAN_POINT('',(58.9276984410425,-8.54935934446237,-9.55496052378198));
#3684=CARTESIAN_POINT('',(58.9276984410425,-9.07196684517706,-9.02991959178838));
#3685=CARTESIAN_POINT('',(58.9276984410425,-18.0600347980892,-3.09245980067003E-7));
#3686=CARTESIAN_POINT('',(58.9276984410424,-9.0719668446971,9.02991897281868));
#3687=CARTESIAN_POINT('',(58.9276984410424,-8.5493593446735,9.55495990483622));
#3688=CARTESIAN_POINT('',(58.9276984410424,-7.81478389079005,9.45911898493927));
#3689=CARTESIAN_POINT('',(58.9276984410424,-7.08020843690659,9.36327806504232));
#3690=CARTESIAN_POINT('',(58.9276984410424,-6.70980778131187,8.72172531295582));
#3691=CARTESIAN_POINT('',(64.1276607753833,-6.89429031618775,9.04125843479847));
#3692=CARTESIAN_POINT('',(65.3396607753833,-6.24598206367141,4.91835562011763));
#3693=CARTESIAN_POINT('',(65.3396607753837,-1.36026118247305E-6,-3.09725953870723E-7));
#3694=CARTESIAN_POINT('',(65.3396607753833,-6.24598206900412,-4.91835623279736));
#3695=CARTESIAN_POINT('',(64.1276607753833,-2.25098775270649,6.79882249636096));
#3696=CARTESIAN_POINT('',(70.1516231097242,-4.1983341008971,10.1717253149596));
#3697=CARTESIAN_POINT('',(70.1516231097242,-4.56873475559576,10.8132780681068));
#3698=CARTESIAN_POINT('',(70.1516231097242,-4.28444770063924,11.4973595328872));
#3699=CARTESIAN_POINT('',(70.1516231097242,-4.00016064568272,12.1814409976677));
#3700=CARTESIAN_POINT('',(70.1516231097242,-3.28415811019225,12.3715119034981));
#3701=CARTESIAN_POINT('',(70.1516231097242,9.03001535906847,15.6404474403895));
#3702=CARTESIAN_POINT('',(70.1516231097242,12.3561208747633,3.34159262077883));
#3703=CARTESIAN_POINT('',(70.1516231097242,12.5495159099054,2.62648078354135));
#3704=CARTESIAN_POINT('',(70.1516231097242,12.0992275116109,2.03824023943026));
#3705=CARTESIAN_POINT('',(70.1516231097242,11.6489391133163,1.44999969531919));
#3706=CARTESIAN_POINT('',(70.1516231097242,10.9081378043442,1.449999694039));
#3707=CARTESIAN_POINT('',(58.9276984410425,-4.1983341008971,10.1717253149595));
#3708=CARTESIAN_POINT('',(58.9276984410425,-4.56873475559576,10.8132780681068));
#3709=CARTESIAN_POINT('',(58.9276984410424,-4.28444770063924,11.4973595328871));
#3710=CARTESIAN_POINT('',(58.9276984410425,-4.00016064568272,12.1814409976676));
#3711=CARTESIAN_POINT('',(58.9276984410424,-3.28415811019225,12.3715119034981));
#3712=CARTESIAN_POINT('',(58.9276984410424,9.03001535906847,15.6404474403894));
#3713=CARTESIAN_POINT('',(58.9276984410425,12.3561208747633,3.34159262077883));
#3714=CARTESIAN_POINT('',(58.9276984410425,12.5495159099054,2.62648078354134));
#3715=CARTESIAN_POINT('',(58.9276984410425,12.0992275116109,2.03824023943026));
#3716=CARTESIAN_POINT('',(58.9276984410424,11.6489391133163,1.44999969531919));
#3717=CARTESIAN_POINT('',(58.9276984410425,10.9081378043442,1.449999694039));
#3718=CARTESIAN_POINT('',(66.5516607753833,7.01783740637955,1.4499996852271));
#3719=CARTESIAN_POINT('',(65.3396607753833,7.38241017154231,2.9499996860529));
#3720=CARTESIAN_POINT('',(65.3396607753833,-1.36026118571217E-6,-3.09725953143748E-7));
#3721=CARTESIAN_POINT('',(65.3396607753833,-1.13643218012321,7.86835561712865));
#3722=CARTESIAN_POINT('',(67.3396607753833,-1.36026118584127E-6,-3.09725952979078E-7));
#3723=CARTESIAN_POINT('',(67.3396607753833,-1.36026118584127E-6,-3.09725952979078E-7));
#3724=CARTESIAN_POINT('',(67.3396607753833,-1.36026118584127E-6,-3.09725952979078E-7));
#3725=CARTESIAN_POINT('',(66.3396607753833,-11.3171457438337,14.8578143461254));
#3726=CARTESIAN_POINT('',(65.3396607753833,-5.25000136027733,9.09326643000133));
#3727=CARTESIAN_POINT('',(65.3396607753833,-5.25000136024504,-9.09326704947187));
#3728=CARTESIAN_POINT('',(66.4396607753833,-1.36026118360091E-6,-3.0972595444588E-7));
#3729=CARTESIAN_POINT('',(64.4396607753833,-1.36026118372652E-6,-3.09725953485047E-7));
#3730=CARTESIAN_POINT('',(65.3396607753833,-5.25000136027733,9.09326643000134));
#3731=CARTESIAN_POINT('',(65.3396607753833,-5.25000136024504,-9.09326704947189));
#3732=CARTESIAN_POINT('',(64.5396607753833,10.4999986397388,-3.09707313210752E-7));
#3733=CARTESIAN_POINT('',(64.5396607753833,10.4999986397388,-3.09707311796355E-7));
#3734=CARTESIAN_POINT('',(68.3396607753833,-1.36026118746927E-6,-14.000000309726));
#3735=CARTESIAN_POINT('',(64.5396607753833,-1.36026118835745E-6,-14.000000309726));
#3736=CARTESIAN_POINT('',(64.5396607753833,-1.36026117894094E-6,13.999999690274));
#3737=CARTESIAN_POINT('',(68.3396607753833,-1.36026118013876E-6,13.9999996902741));
#3738=CARTESIAN_POINT('',(68.3396607753833,-3.28415811019225,12.371511903498));
#3739=CARTESIAN_POINT('',(68.3396607753833,12.3561208747633,3.34159262077883));
#3740=CARTESIAN_POINT('',(68.3396607753833,12.3561208745857,-3.3415932408875));
#3741=CARTESIAN_POINT('',(68.3396607753833,-3.28415811084984,-12.3715125227754));
#3742=CARTESIAN_POINT('',(68.3396607753833,-9.07196684517706,-9.02991959178838));
#3743=CARTESIAN_POINT('',(68.3396607753833,-9.0719668446971,9.02991897281868));
#3744=CARTESIAN_POINT('',(64.5396607753833,-1.3602611796585E-6,13.199999690274));
#3745=CARTESIAN_POINT('',(64.5396607753833,-1.36026118686579E-6,-13.200000309726));
#3746=CARTESIAN_POINT('',(64.3396607753833,-1.36026118686579E-6,-13.200000309726));
#3747=CARTESIAN_POINT('',(64.3396607753833,-1.3602611796585E-6,13.199999690274));
#3748=CARTESIAN_POINT('',(64.3396607753833,-4.19833410381591,-10.1717259361727));
#3749=CARTESIAN_POINT('',(64.3396607753833,10.9081378013596,-1.45000031513806));
#3750=CARTESIAN_POINT('',(64.3396607753833,7.38241016985555,-1.45000031350917));
#3751=CARTESIAN_POINT('',(64.3396607753833,5.98950233153142,-2.39339654227985));
#3752=CARTESIAN_POINT('',(64.3396607753833,-0.922011281287054,-6.38376077715659));
#3753=CARTESIAN_POINT('',(64.3396607753833,-2.43547029348777,-7.11835623388765));
#3754=CARTESIAN_POINT('',(64.3396607753833,-6.70980778131187,8.72172531295582));
#3755=CARTESIAN_POINT('',(64.3396607753833,-6.70980778124603,-8.72172592899937));
#3756=CARTESIAN_POINT('',(64.3396607753833,-4.94694396408334,-5.66835623410659));
#3757=CARTESIAN_POINT('',(64.3396607753833,-5.06749514487112,-3.99036454660209));
#3758=CARTESIAN_POINT('',(64.3396607753833,-5.067495136218,3.99036393813905));
#3759=CARTESIAN_POINT('',(64.3396607753833,-4.94694395715139,5.6683556186569));
#3760=CARTESIAN_POINT('',(64.3396607753833,10.9081378043442,1.449999694039));
#3761=CARTESIAN_POINT('',(64.3396607753833,-4.19833410089711,10.1717253149596));
#3762=CARTESIAN_POINT('',(64.3396607753833,-2.43547028655575,7.11835561843787));
#3763=CARTESIAN_POINT('',(64.3396607753833,-0.922011267443851,6.38376015970406));
#3764=CARTESIAN_POINT('',(64.3396607753833,5.9895023367215,2.39339590983968));
#3765=CARTESIAN_POINT('',(64.3396607753833,7.38241016985559,1.4499996860529));
#3766=CARTESIAN_POINT('',(64.3396607753833,-6.11602676406177,8.59326643000133));
#3767=CARTESIAN_POINT('',(64.3396607753833,-4.38397595649289,9.59326643000133));
#3768=CARTESIAN_POINT('',(64.3396607753833,-4.3839759564606,-9.59326704947187));
#3769=CARTESIAN_POINT('',(64.3396607753833,-6.11602676402948,-8.59326704947187));
#3770=CARTESIAN_POINT('',(66.3396607753833,12.3561208745857,-3.3415932408875));
#3771=CARTESIAN_POINT('',(66.3396607753833,10.9081378013596,-1.45000031513806));
#3772=CARTESIAN_POINT('',(66.3396607753833,-4.19833410381591,-10.1717259361727));
#3773=CARTESIAN_POINT('',(66.3396607753833,-3.28415811084984,-12.3715125227754));
#3774=CARTESIAN_POINT('',(66.3396607753833,7.38241016985555,-1.45000031350917));
#3775=CARTESIAN_POINT('',(66.3396607753833,-2.43547029348777,-7.11835623388765));
#3776=CARTESIAN_POINT('',(66.3396607753833,-0.922011281287054,-6.38376077715659));
#3777=CARTESIAN_POINT('',(66.3396607753833,5.98950233153141,-2.39339654227985));
#3778=CARTESIAN_POINT('',(66.3396607753833,-6.70980778124603,-8.72172592899937));
#3779=CARTESIAN_POINT('',(66.3396607753833,-4.94694396408334,-5.66835623410659));
#3780=CARTESIAN_POINT('',(66.3396607753833,-9.07196684517706,-9.02991959178838));
#3781=CARTESIAN_POINT('',(66.3396607753833,-6.70980778131187,8.72172531295582));
#3782=CARTESIAN_POINT('',(66.3396607753833,-9.0719668446971,9.02991897281868));
#3783=CARTESIAN_POINT('',(66.3396607753833,-4.94694395715138,5.6683556186569));
#3784=CARTESIAN_POINT('',(66.3396607753833,-5.06749513621801,3.99036393813905));
#3785=CARTESIAN_POINT('',(66.3396607753833,-5.06749514487112,-3.99036454660209));
#3786=CARTESIAN_POINT('',(66.3396607753833,-4.19833410089711,10.1717253149596));
#3787=CARTESIAN_POINT('',(66.3396607753833,-2.43547028655576,7.11835561843787));
#3788=CARTESIAN_POINT('',(66.3396607753833,12.3561208747633,3.34159262077883));
#3789=CARTESIAN_POINT('',(66.3396607753833,-3.28415811019225,12.371511903498));
#3790=CARTESIAN_POINT('',(66.3396607753833,10.9081378043442,1.449999694039));
#3791=CARTESIAN_POINT('',(66.3396607753833,7.38241016985559,1.4499996860529));
#3792=CARTESIAN_POINT('',(66.3396607753833,5.9895023367215,2.39339590983968));
#3793=CARTESIAN_POINT('',(66.3396607753833,-0.922011267443851,6.38376015970406));
#3794=CARTESIAN_POINT('',(66.3396607753833,-6.11602676406177,8.59326643000134));
#3795=CARTESIAN_POINT('',(66.3396607753833,-4.38397595649289,9.59326643000133));
#3796=CARTESIAN_POINT('',(66.3396607753833,-4.3839759564606,-9.59326704947187));
#3797=CARTESIAN_POINT('',(66.3396607753833,-6.11602676402948,-8.59326704947187));
#3798=CARTESIAN_POINT('',(64.3396607753833,10.4999986397388,0.999999690292688));
#3799=CARTESIAN_POINT('',(64.3396607753833,10.4999986397388,-1.00000030970731));
#3800=CARTESIAN_POINT('',(66.3396607753833,10.4999986397388,-1.00000030970731));
#3801=CARTESIAN_POINT('',(66.3396607753833,10.4999986397388,0.999999690292686));
#3802=CARTESIAN_POINT('',(68.3396607753833,-1.36026118746927E-6,-14.000000309726));
#3803=CARTESIAN_POINT('',(64.5396607753833,-1.36026118835745E-6,-14.000000309726));
#3804=CARTESIAN_POINT('',(64.5396607753833,-1.36026118357397E-6,-3.09725958236418E-7));
#3805=CARTESIAN_POINT('',(64.5396607753833,-1.36026118828906E-6,-14.000000309726));
#3806=CARTESIAN_POINT('',(64.5396607753833,-1.36026117714439E-6,13.999999690274));
#3807=CARTESIAN_POINT('',(64.5396607753833,-1.36026117894094E-6,13.999999690274));
#3808=CARTESIAN_POINT('',(68.3396607753833,-1.36026118013876E-6,13.9999996902741));
#3809=CARTESIAN_POINT('',(68.3396607753833,-1.36026118357397E-6,-3.09725951130991E-7));
#3810=CARTESIAN_POINT('',(68.3396607753833,-1.36026117940576E-6,13.9999996902741));
#3811=CARTESIAN_POINT('',(68.3396607753833,-1.36026118602769E-6,-14.000000309726));
#3812=CARTESIAN_POINT('',(64.5396607753833,-1.36026118686579E-6,-13.200000309726));
#3813=CARTESIAN_POINT('',(64.3396607753833,-1.36026118686579E-6,-13.200000309726));
#3814=CARTESIAN_POINT('',(64.3396607753833,-1.36026118387814E-6,-3.09725958362026E-7));
#3815=CARTESIAN_POINT('',(64.3396607753833,-1.36026118803525E-6,-13.200000309726));
#3816=CARTESIAN_POINT('',(64.3396607753833,-1.3602611781045E-6,13.199999690274));
#3817=CARTESIAN_POINT('',(64.3396607753833,-1.3602611796585E-6,13.199999690274));
#3818=CARTESIAN_POINT('',(64.5396607753833,-1.3602611796585E-6,13.199999690274));
#3819=CARTESIAN_POINT('',(64.5396607753833,-1.36026118387814E-6,-3.09725958362026E-7));
#3820=CARTESIAN_POINT('',(64.5396607753833,-1.36026118803525E-6,-13.200000309726));
#3821=CARTESIAN_POINT('',(64.5396607753833,-1.3602611781045E-6,13.199999690274));
#3822=CARTESIAN_POINT('',(64.3396607753833,10.9081378013596,-1.45000031513806));
#3823=CARTESIAN_POINT('',(64.3396607753833,7.38241016985555,-1.45000031350917));
#3824=CARTESIAN_POINT('',(64.3396607753834,7.38241016834377,-2.95000031350916));
#3825=CARTESIAN_POINT('',(64.3396607753833,7.38241016985555,-1.45000031350917));
#3826=CARTESIAN_POINT('',(64.3396607753833,5.98950233153142,-2.39339654227985));
#3827=CARTESIAN_POINT('',(64.3396607753833,7.3824101715423,2.94999968605288));
#3828=CARTESIAN_POINT('',(64.3396607753833,5.9895023367215,2.39339590983968));
#3829=CARTESIAN_POINT('',(64.3396607753833,7.38241016985559,1.44999968605289));
#3830=CARTESIAN_POINT('',(64.3396607753833,7.38241016985559,1.4499996860529));
#3831=CARTESIAN_POINT('',(64.3396607753833,10.9081378043442,1.449999694039));
#3832=CARTESIAN_POINT('',(66.3396607753833,10.9081378013066,-2.95000031513802));
#3833=CARTESIAN_POINT('',(66.3396607753833,12.3561208745857,-3.3415932408875));
#3834=CARTESIAN_POINT('',(66.3396607753833,10.9081378013596,-1.45000031513807));
#3835=CARTESIAN_POINT('',(66.3396607753833,10.9081378013596,-1.45000031513806));
#3836=CARTESIAN_POINT('',(64.3396607753833,10.9081378013596,-1.45000031513806));
#3837=CARTESIAN_POINT('',(64.3396607753833,-4.19833410381591,-10.1717259361727));
#3838=CARTESIAN_POINT('',(64.3396607753833,-4.56873475719328,-10.8132786895394));
#3839=CARTESIAN_POINT('',(64.3396607753833,-4.28444770160439,-11.4973601535474));
#3840=CARTESIAN_POINT('',(64.3396607753833,-4.00016064601549,-12.1814416175555));
#3841=CARTESIAN_POINT('',(64.3396607753833,-3.28415811084984,-12.3715125227754));
#3842=CARTESIAN_POINT('',(64.3396607753833,9.03001535823713,-15.6404480603214));
#3843=CARTESIAN_POINT('',(64.3396607753833,12.3561208745857,-3.3415932408875));
#3844=CARTESIAN_POINT('',(64.3396607753833,12.5495159093615,-2.62648140306348));
#3845=CARTESIAN_POINT('',(64.3396607753833,12.0992275100819,-2.03824085911387));
#3846=CARTESIAN_POINT('',(64.3396607753833,11.6489391108022,-1.45000031516424));
#3847=CARTESIAN_POINT('',(64.3396607753833,10.9081378013596,-1.45000031513806));
#3848=CARTESIAN_POINT('',(64.3396607753833,-4.19833410381591,-10.1717259361727));
#3849=CARTESIAN_POINT('',(66.3396607753833,-4.19833410381591,-10.1717259361727));
#3850=CARTESIAN_POINT('',(66.3396607753833,-2.89929599684314,-10.9217259339278));
#3851=CARTESIAN_POINT('',(66.3396607753833,-4.19833410381591,-10.1717259361727));
#3852=CARTESIAN_POINT('',(66.3396607753833,-3.28415811084984,-12.3715125227754));
#3853=CARTESIAN_POINT('',(66.3396607753833,-3.28415811084984,-12.3715125227754));
#3854=CARTESIAN_POINT('',(68.3396607753833,-3.28415811084984,-12.3715125227754));
#3855=CARTESIAN_POINT('',(68.3396607753833,-1.36026121667178E-6,-3.09725924612577E-7));
#3856=CARTESIAN_POINT('',(68.3396607753833,12.3561208745857,-3.3415932408875));
#3857=CARTESIAN_POINT('',(68.3396607753833,-3.28415811084984,-12.3715125227754));
#3858=CARTESIAN_POINT('',(68.3396607753833,12.3561208745857,-3.3415932408875));
#3859=CARTESIAN_POINT('',(66.3396607753833,12.3561208745857,-3.3415932408875));
#3860=CARTESIAN_POINT('',(66.3396607753833,10.9081378013596,-1.45000031513806));
#3861=CARTESIAN_POINT('',(66.3396607753833,7.38241016985555,-1.45000031350917));
#3862=CARTESIAN_POINT('',(66.3396607753833,7.38241016985555,-1.45000031350917));
#3863=CARTESIAN_POINT('',(64.3396607753833,7.38241016985555,-1.45000031350917));
#3864=CARTESIAN_POINT('',(66.3396607753833,-2.43547029348777,-7.11835623388765));
#3865=CARTESIAN_POINT('',(66.3396607753833,-4.19833410381591,-10.1717259361727));
#3866=CARTESIAN_POINT('',(64.3396607753833,-2.43547029348777,-7.11835623388765));
#3867=CARTESIAN_POINT('',(64.3396607753833,-4.19833410381591,-10.1717259361727));
#3868=CARTESIAN_POINT('',(64.3396607753833,-2.43547029348777,-7.11835623388765));
#3869=CARTESIAN_POINT('',(66.3396607753833,-2.43547029348777,-7.11835623388765));
#3870=CARTESIAN_POINT('',(66.3396607753833,-1.13643218865446,-7.86835623534841));
#3871=CARTESIAN_POINT('',(66.3396607753833,-2.43547029348777,-7.11835623388765));
#3872=CARTESIAN_POINT('',(66.3396607753833,-0.922011281287053,-6.38376077715659));
#3873=CARTESIAN_POINT('',(64.3396607753833,-1.13643218865448,-7.86835623534838));
#3874=CARTESIAN_POINT('',(64.3396607753833,-0.922011281287054,-6.38376077715659));
#3875=CARTESIAN_POINT('',(64.3396607753833,-2.43547029348777,-7.11835623388764));
#3876=CARTESIAN_POINT('',(66.3396607753833,-0.922011281287054,-6.38376077715659));
#3877=CARTESIAN_POINT('',(64.3396607753833,-0.922011281287054,-6.38376077715659));
#3878=CARTESIAN_POINT('',(66.3396607753833,-1.36026118872769E-6,-3.09725929696E-7));
#3879=CARTESIAN_POINT('',(66.3396607753833,5.98950233153141,-2.39339654227985));
#3880=CARTESIAN_POINT('',(66.3396607753833,-0.922011281287053,-6.38376077715658));
#3881=CARTESIAN_POINT('',(64.3396607753833,-1.36026118617528E-6,-3.0972593821529E-7));
#3882=CARTESIAN_POINT('',(64.3396607753833,5.98950233153142,-2.39339654227985));
#3883=CARTESIAN_POINT('',(64.3396607753833,-0.922011281287055,-6.38376077715659));
#3884=CARTESIAN_POINT('',(64.3396607753833,5.98950233153142,-2.39339654227985));
#3885=CARTESIAN_POINT('',(66.3396607753833,5.98950233153141,-2.39339654227985));
#3886=CARTESIAN_POINT('',(66.3396607753833,-6.70980778124603,-8.72172592899937));
#3887=CARTESIAN_POINT('',(66.3396607753833,-4.94694396408334,-5.66835623410659));
#3888=CARTESIAN_POINT('',(66.3396607753833,-4.94694396408334,-5.66835623410659));
#3889=CARTESIAN_POINT('',(64.3396607753833,-4.94694396408334,-5.66835623410659));
#3890=CARTESIAN_POINT('',(64.3396607753833,-6.70980778124603,-8.72172592899937));
#3891=CARTESIAN_POINT('',(64.3396607753833,-4.94694396408334,-5.66835623410659));
#3892=CARTESIAN_POINT('',(64.3396607753833,-6.70980778124603,-8.72172592899937));
#3893=CARTESIAN_POINT('',(66.3396607753833,-6.70980778124603,-8.72172592899937));
#3894=CARTESIAN_POINT('',(66.3396607753833,-8.00884588689619,-7.97172592895345));
#3895=CARTESIAN_POINT('',(66.3396607753833,-9.07196684517706,-9.02991959178838));
#3896=CARTESIAN_POINT('',(66.3396607753833,-6.70980778124603,-8.72172592899936));
#3897=CARTESIAN_POINT('',(64.3396607753833,-6.70980778131187,8.72172531295582));
#3898=CARTESIAN_POINT('',(64.3396607753833,-7.0802084369066,9.36327806504232));
#3899=CARTESIAN_POINT('',(64.3396607753833,-7.81478389079005,9.45911898493927));
#3900=CARTESIAN_POINT('',(64.3396607753833,-8.5493593446735,9.55495990483622));
#3901=CARTESIAN_POINT('',(64.3396607753833,-9.0719668446971,9.02991897281868));
#3902=CARTESIAN_POINT('',(64.3396607753833,-18.0600347980892,-3.09245978818605E-7));
#3903=CARTESIAN_POINT('',(64.3396607753833,-9.07196684517706,-9.02991959178838));
#3904=CARTESIAN_POINT('',(64.3396607753833,-8.54935934446237,-9.55496052378198));
#3905=CARTESIAN_POINT('',(64.3396607753833,-7.8147838902262,-9.4591196029512));
#3906=CARTESIAN_POINT('',(64.3396607753833,-7.08020843599003,-9.3632786821204));
#3907=CARTESIAN_POINT('',(64.3396607753833,-6.70980778124603,-8.72172592899937));
#3908=CARTESIAN_POINT('',(64.3396607753833,-6.70980778131187,8.72172531295582));
#3909=CARTESIAN_POINT('',(66.3396607753833,-6.70980778131187,8.72172531295582));
#3910=CARTESIAN_POINT('',(66.3396607753833,-8.00884588569244,7.97172531071093));
#3911=CARTESIAN_POINT('',(66.3396607753833,-6.70980778131187,8.72172531295582));
#3912=CARTESIAN_POINT('',(66.3396607753833,-9.07196684469709,9.02991897281868));
#3913=CARTESIAN_POINT('',(66.3396607753833,-9.0719668446971,9.02991897281868));
#3914=CARTESIAN_POINT('',(68.3396607753833,-9.0719668446971,9.02991897281868));
#3915=CARTESIAN_POINT('',(68.3396607753833,-1.36026112892159E-6,-3.09725955229638E-7));
#3916=CARTESIAN_POINT('',(68.3396607753833,-9.07196684517706,-9.02991959178838));
#3917=CARTESIAN_POINT('',(68.3396607753833,-9.07196684469709,9.02991897281868));
#3918=CARTESIAN_POINT('',(68.3396607753833,-9.07196684517706,-9.02991959178838));
#3919=CARTESIAN_POINT('',(66.3396607753833,-9.07196684517706,-9.02991959178838));
#3920=CARTESIAN_POINT('',(66.3396607753833,-4.94694395715138,5.6683556186569));
#3921=CARTESIAN_POINT('',(66.3396607753833,-6.70980778131187,8.72172531295582));
#3922=CARTESIAN_POINT('',(64.3396607753833,-4.94694395715139,5.6683556186569));
#3923=CARTESIAN_POINT('',(64.3396607753833,-6.70980778131187,8.72172531295582));
#3924=CARTESIAN_POINT('',(64.3396607753833,-4.94694395715139,5.6683556186569));
#3925=CARTESIAN_POINT('',(66.3396607753833,-4.94694395715138,5.6683556186569));
#3926=CARTESIAN_POINT('',(66.3396607753834,-6.24598206367142,4.91835562011764));
#3927=CARTESIAN_POINT('',(66.3396607753833,-4.94694395715138,5.6683556186569));
#3928=CARTESIAN_POINT('',(66.3396607753833,-5.06749513621801,3.99036393813904));
#3929=CARTESIAN_POINT('',(64.3396607753833,-6.24598206367139,4.91835562011763));
#3930=CARTESIAN_POINT('',(64.3396607753833,-5.06749513621799,3.99036393813905));
#3931=CARTESIAN_POINT('',(64.3396607753833,-4.94694395715139,5.66835561865691));
#3932=CARTESIAN_POINT('',(66.3396607753833,-5.06749513621801,3.99036393813905));
#3933=CARTESIAN_POINT('',(64.3396607753833,-5.067495136218,3.99036393813905));
#3934=CARTESIAN_POINT('',(66.3396607753821,-1.36026118370611E-6,-3.09725955814334E-7));
#3935=CARTESIAN_POINT('',(66.3396607753833,-5.06749514487112,-3.99036454660209));
#3936=CARTESIAN_POINT('',(66.3396607753833,-5.067495136218,3.99036393813905));
#3937=CARTESIAN_POINT('',(64.3396607753833,-1.36026117185502E-6,-3.09725961625205E-7));
#3938=CARTESIAN_POINT('',(64.3396607753833,-5.06749514487112,-3.99036454660209));
#3939=CARTESIAN_POINT('',(64.3396607753833,-5.06749513621799,3.99036393813905));
#3940=CARTESIAN_POINT('',(64.3396607753833,-5.06749514487112,-3.99036454660209));
#3941=CARTESIAN_POINT('',(66.3396607753833,-5.06749514487112,-3.99036454660209));
#3942=CARTESIAN_POINT('',(66.3396607753833,-6.24598206900412,-4.91835623279736));
#3943=CARTESIAN_POINT('',(66.3396607753833,-5.06749514487112,-3.99036454660209));
#3944=CARTESIAN_POINT('',(66.3396607753833,-4.94694396408334,-5.66835623410658));
#3945=CARTESIAN_POINT('',(64.3396607753833,-6.24598206900415,-4.91835623279736));
#3946=CARTESIAN_POINT('',(64.3396607753833,-4.94694396408334,-5.66835623410659));
#3947=CARTESIAN_POINT('',(64.3396607753833,-5.06749514487112,-3.99036454660208));
#3948=CARTESIAN_POINT('',(66.3396607753833,-4.19833410089711,10.1717253149596));
#3949=CARTESIAN_POINT('',(66.3396607753833,-2.43547028655576,7.11835561843787));
#3950=CARTESIAN_POINT('',(66.3396607753833,-2.43547028655576,7.11835561843787));
#3951=CARTESIAN_POINT('',(64.3396607753833,-2.43547028655575,7.11835561843787));
#3952=CARTESIAN_POINT('',(64.3396607753833,-4.19833410089711,10.1717253149596));
#3953=CARTESIAN_POINT('',(64.3396607753833,-2.43547028655575,7.11835561843787));
#3954=CARTESIAN_POINT('',(64.3396607753833,-4.19833410089711,10.1717253149596));
#3955=CARTESIAN_POINT('',(66.3396607753833,-4.19833410089711,10.1717253149596));
#3956=CARTESIAN_POINT('',(66.3396607753833,12.3561208747633,3.34159262077883));
#3957=CARTESIAN_POINT('',(68.3396607753833,12.3561208747633,3.34159262077883));
#3958=CARTESIAN_POINT('',(68.3396607753833,-1.36026124909982E-6,-3.09725960877871E-7));
#3959=CARTESIAN_POINT('',(68.3396607753833,-3.28415811019225,12.371511903498));
#3960=CARTESIAN_POINT('',(68.3396607753833,12.3561208747633,3.34159262077883));
#3961=CARTESIAN_POINT('',(68.3396607753833,-3.28415811019225,12.371511903498));
#3962=CARTESIAN_POINT('',(66.3396607753833,-3.28415811019225,12.371511903498));
#3963=CARTESIAN_POINT('',(66.3396607753833,-2.89929599519394,10.9217253149137));
#3964=CARTESIAN_POINT('',(66.3396607753833,-3.28415811019225,12.371511903498));
#3965=CARTESIAN_POINT('',(66.3396607753833,-4.1983341008971,10.1717253149596));
#3966=CARTESIAN_POINT('',(64.3396607753833,10.9081378043442,1.449999694039));
#3967=CARTESIAN_POINT('',(64.3396607753833,11.6489391133163,1.44999969531919));
#3968=CARTESIAN_POINT('',(64.3396607753833,12.0992275116109,2.03824023943026));
#3969=CARTESIAN_POINT('',(64.3396607753833,12.5495159099054,2.62648078354135));
#3970=CARTESIAN_POINT('',(64.3396607753833,12.3561208747633,3.34159262077883));
#3971=CARTESIAN_POINT('',(64.3396607753833,9.03001535906847,15.6404474403894));
#3972=CARTESIAN_POINT('',(64.3396607753833,-3.28415811019225,12.3715119034981));
#3973=CARTESIAN_POINT('',(64.3396607753833,-4.00016064568272,12.1814409976677));
#3974=CARTESIAN_POINT('',(64.3396607753833,-4.28444770063924,11.4973595328871));
#3975=CARTESIAN_POINT('',(64.3396607753833,-4.56873475559576,10.8132780681068));
#3976=CARTESIAN_POINT('',(64.3396607753833,-4.19833410089711,10.1717253149596));
#3977=CARTESIAN_POINT('',(64.3396607753833,10.9081378043442,1.449999694039));
#3978=CARTESIAN_POINT('',(66.3396607753833,10.9081378043442,1.449999694039));
#3979=CARTESIAN_POINT('',(66.3396607753833,10.908137801752,2.94999969403897));
#3980=CARTESIAN_POINT('',(66.3396607753833,10.9081378043442,1.449999694039));
#3981=CARTESIAN_POINT('',(66.3396607753833,12.3561208747633,3.34159262077883));
#3982=CARTESIAN_POINT('',(66.3396607753833,7.38241016985559,1.4499996860529));
#3983=CARTESIAN_POINT('',(66.3396607753833,10.9081378043442,1.449999694039));
#3984=CARTESIAN_POINT('',(64.3396607753833,7.38241016985559,1.4499996860529));
#3985=CARTESIAN_POINT('',(66.3396607753833,7.38241016985559,1.4499996860529));
#3986=CARTESIAN_POINT('',(66.3396607753833,5.9895023367215,2.39339590983968));
#3987=CARTESIAN_POINT('',(64.3396607753833,5.9895023367215,2.39339590983968));
#3988=CARTESIAN_POINT('',(66.3396607753833,-1.36026120128644E-6,-3.09725966480108E-7));
#3989=CARTESIAN_POINT('',(66.3396607753833,-0.92201126744385,6.38376015970406));
#3990=CARTESIAN_POINT('',(66.3396607753833,5.9895023367215,2.39339590983967));
#3991=CARTESIAN_POINT('',(64.3396607753833,-1.36026120105329E-6,-3.0972596467627E-7));
#3992=CARTESIAN_POINT('',(64.3396607753833,-0.922011267443851,6.38376015970406));
#3993=CARTESIAN_POINT('',(64.3396607753833,5.9895023367215,2.39339590983967));
#3994=CARTESIAN_POINT('',(64.3396607753833,-0.922011267443851,6.38376015970406));
#3995=CARTESIAN_POINT('',(66.3396607753833,-0.922011267443851,6.38376015970406));
#3996=CARTESIAN_POINT('',(66.3396607753833,-1.13643218012323,7.86835561712865));
#3997=CARTESIAN_POINT('',(66.3396607753833,-0.922011267443851,6.38376015970406));
#3998=CARTESIAN_POINT('',(66.3396607753833,-2.43547028655576,7.11835561843788));
#3999=CARTESIAN_POINT('',(64.3396607753833,-1.13643218012321,7.86835561712868));
#4000=CARTESIAN_POINT('',(64.3396607753833,-2.43547028655575,7.11835561843787));
#4001=CARTESIAN_POINT('',(64.3396607753833,-0.922011267443852,6.38376015970406));
#4002=CARTESIAN_POINT('',(68.3396607753831,-1.36026133554222E-6,-3.09725595300252E-7));
#4003=CARTESIAN_POINT('',(68.3396607753833,-9.0719668446971,9.02991897281868));
#4004=CARTESIAN_POINT('',(68.3396607753833,-3.28415811019225,12.3715119034981));
#4005=CARTESIAN_POINT('',(66.3396607753835,-1.36026110673584E-6,-3.09725980238068E-7));
#4006=CARTESIAN_POINT('',(66.3396607753833,-3.28415811019225,12.371511903498));
#4007=CARTESIAN_POINT('',(66.3396607753833,-9.07196684469709,9.02991897281868));
#4008=CARTESIAN_POINT('',(68.3396607753833,-1.3602604498743E-6,-3.09725965352022E-7));
#4009=CARTESIAN_POINT('',(68.3396607753833,12.3561208747633,3.34159262077883));
#4010=CARTESIAN_POINT('',(68.3396607753833,12.3561208745857,-3.34159324088749));
#4011=CARTESIAN_POINT('',(66.3396607753835,-1.36026127789853E-6,-3.09725984463307E-7));
#4012=CARTESIAN_POINT('',(66.3396607753833,12.3561208745857,-3.3415932408875));
#4013=CARTESIAN_POINT('',(66.3396607753833,12.3561208747633,3.34159262077884));
#4014=CARTESIAN_POINT('',(66.3396607753833,-1.36026112516053E-6,-3.09725791093608E-7));
#4015=CARTESIAN_POINT('',(66.3396607753833,-9.07196684517706,-9.02991959178838));
#4016=CARTESIAN_POINT('',(66.3396607753833,-3.28415811084984,-12.3715125227754));
#4017=CARTESIAN_POINT('',(68.3396607753837,-1.36026150950059E-6,-3.09726495562719E-7));
#4018=CARTESIAN_POINT('',(68.3396607753833,-3.28415811084984,-12.3715125227754));
#4019=CARTESIAN_POINT('',(68.3396607753833,-9.07196684517706,-9.02991959178838));
#4020=CARTESIAN_POINT('',(66.3396607753833,7.38241016834378,-2.95000031350917));
#4021=CARTESIAN_POINT('',(66.3396607753833,5.98950233153141,-2.39339654227985));
#4022=CARTESIAN_POINT('',(66.3396607753833,7.38241016985555,-1.45000031350917));
#4023=CARTESIAN_POINT('',(66.3396607753833,7.3824101715423,2.94999968605289));
#4024=CARTESIAN_POINT('',(66.3396607753833,7.38241016985559,1.4499996860529));
#4025=CARTESIAN_POINT('',(66.3396607753833,5.9895023367215,2.39339590983967));
#4026=CARTESIAN_POINT('',(64.3396607753833,-5.25000136027733,9.09326643000133));
#4027=CARTESIAN_POINT('',(64.3396607753833,-6.11602676406177,8.59326643000133));
#4028=CARTESIAN_POINT('',(64.3396607753833,-4.38397595649289,9.59326643000133));
#4029=CARTESIAN_POINT('',(66.3396607753833,-6.11602676406177,8.59326643000134));
#4030=CARTESIAN_POINT('',(64.3396607753833,-6.11602676406177,8.59326643000133));
#4031=CARTESIAN_POINT('',(66.3396607753833,-5.25000136027734,9.09326643000134));
#4032=CARTESIAN_POINT('',(66.3396607753833,-4.38397595649289,9.59326643000133));
#4033=CARTESIAN_POINT('',(66.3396607753833,-6.11602676406178,8.59326643000134));
#4034=CARTESIAN_POINT('',(64.3396607753833,-4.38397595649289,9.59326643000133));
#4035=CARTESIAN_POINT('',(66.3396607753833,-4.38397595649289,9.59326643000133));
#4036=CARTESIAN_POINT('',(64.3396607753833,-5.25000136024504,-9.09326704947187));
#4037=CARTESIAN_POINT('',(64.3396607753833,-4.3839759564606,-9.59326704947187));
#4038=CARTESIAN_POINT('',(64.3396607753833,-6.11602676402948,-8.59326704947187));
#4039=CARTESIAN_POINT('',(66.3396607753833,-4.3839759564606,-9.59326704947187));
#4040=CARTESIAN_POINT('',(64.3396607753833,-4.3839759564606,-9.59326704947187));
#4041=CARTESIAN_POINT('',(66.3396607753833,-5.25000136024504,-9.09326704947187));
#4042=CARTESIAN_POINT('',(66.3396607753833,-6.11602676402948,-8.59326704947187));
#4043=CARTESIAN_POINT('',(66.3396607753833,-4.3839759564606,-9.59326704947187));
#4044=CARTESIAN_POINT('',(64.3396607753833,-6.11602676402948,-8.59326704947187));
#4045=CARTESIAN_POINT('',(66.3396607753833,-6.11602676402948,-8.59326704947187));
#4046=CARTESIAN_POINT('',(68.3396607753833,-1.3602611841035E-6,-3.09725951086358E-7));
#4047=CARTESIAN_POINT('',(68.3396607753833,-1.36026117940576E-6,13.9999996902741));
#4048=CARTESIAN_POINT('',(68.3396607753833,-1.36026119051575E-6,-14.000000309726));
#4049=CARTESIAN_POINT('',(64.5396607753833,-1.3602611841035E-6,-3.09725958191785E-7));
#4050=CARTESIAN_POINT('',(64.5396607753833,-1.36026118828906E-6,-14.000000309726));
#4051=CARTESIAN_POINT('',(64.5396607753833,-1.36026118163245E-6,13.999999690274));
#4052=CARTESIAN_POINT('',(64.5396607753833,-1.36026118339326E-6,-3.09725955143654E-7));
#4053=CARTESIAN_POINT('',(64.5396607753833,-1.36026117965956E-6,13.199999690274));
#4054=CARTESIAN_POINT('',(64.5396607753833,-1.36026118874349E-6,-13.200000309726));
#4055=CARTESIAN_POINT('',(64.3396607753833,-1.36026118379933E-6,-3.09725958954356E-7));
#4056=CARTESIAN_POINT('',(64.3396607753833,-1.36026118803525E-6,-13.200000309726));
#4057=CARTESIAN_POINT('',(64.3396607753833,-1.36026118117995E-6,13.199999690274));
#4058=CARTESIAN_POINT('',(66.3396607753833,-5.25000136027733,9.09326643000134));
#4059=CARTESIAN_POINT('',(66.3396607753833,-6.11602676406177,8.59326643000134));
#4060=CARTESIAN_POINT('',(66.3396607753833,-4.38397595649289,9.59326643000133));
#4061=CARTESIAN_POINT('',(64.3396607753833,-5.25000136027733,9.09326643000133));
#4062=CARTESIAN_POINT('',(64.3396607753833,-4.38397595649289,9.59326643000133));
#4063=CARTESIAN_POINT('',(64.3396607753833,-6.11602676406177,8.59326643000133));
#4064=CARTESIAN_POINT('',(66.3396607753833,-5.25000136024504,-9.09326704947189));
#4065=CARTESIAN_POINT('',(66.3396607753833,-4.3839759564606,-9.59326704947187));
#4066=CARTESIAN_POINT('',(66.3396607753833,-6.11602676402948,-8.59326704947188));
#4067=CARTESIAN_POINT('',(64.3396607753833,-5.25000136024504,-9.09326704947189));
#4068=CARTESIAN_POINT('',(64.3396607753833,-6.11602676402948,-8.59326704947187));
#4069=CARTESIAN_POINT('',(64.3396607753833,-4.3839759564606,-9.59326704947188));
#4070=CARTESIAN_POINT('',(66.3396607753833,10.4999986397388,-3.09707311478129E-7));
#4071=CARTESIAN_POINT('',(66.3396607753833,10.4999986397388,-1.00000030970731));
#4072=CARTESIAN_POINT('',(66.3396607753833,10.4999986397388,0.999999690292686));
#4073=CARTESIAN_POINT('',(66.3396607753833,10.4999986397388,0.999999690292686));
#4074=CARTESIAN_POINT('',(64.3396607753833,10.4999986397388,0.999999690292688));
#4075=CARTESIAN_POINT('',(66.3396607753833,10.4999986397388,-3.09707311542009E-7));
#4076=CARTESIAN_POINT('',(66.3396607753833,10.4999986397388,-1.00000030970731));
#4077=CARTESIAN_POINT('',(66.3396607753833,10.4999986397388,0.999999690292686));
#4078=CARTESIAN_POINT('',(64.3396607753833,10.4999986397388,-3.09707313342994E-7));
#4079=CARTESIAN_POINT('',(64.3396607753833,10.4999986397388,0.999999690292688));
#4080=CARTESIAN_POINT('',(64.3396607753833,10.4999986397388,-1.00000030970731));
#4081=CARTESIAN_POINT('',(64.3396607753833,10.4999986397388,-3.09707312444811E-7));
#4082=CARTESIAN_POINT('',(64.3396607753833,10.4999986397388,-1.00000030970731));
#4083=CARTESIAN_POINT('',(64.3396607753833,10.4999986397388,0.999999690292686));
#4084=CARTESIAN_POINT('',(64.3396607753833,10.4999986397388,-1.00000030970731));
#4085=CARTESIAN_POINT('',(66.3396607753833,10.4999986397388,-1.00000030970731));
#4086=CARTESIAN_POINT('',(0.,0.,0.));
#4087=CARTESIAN_POINT('',(0.,0.,0.));
ENDSEC;
END-ISO-10303-21;
